user_id,seg_id
1,C0
2,C0
3,G0
4,_
5,C0
6,C0
7,C0
8,_
9,_
10,D0
11,_
12,_
13,_
14,_
15,H0
16,D0
17,_
18,_
19,_
20,_
21,_
22,H0
23,_
24,_
25,H0
26,H0
27,H0
28,H0
29,H0
30,H0
31,_
32,H0
33,_
34,D0
35,_
36,H0
37,_
38,H0
39,_
40,C0
41,C0
42,C0
43,C0
44,C0
45,C0
46,C0
47,C0
48,C0
49,C0
50,C0
51,C0
52,C0
53,C0
54,C0
55,C0
56,C0
57,C0
58,C0
59,C0
60,C0
61,C0
62,C0
63,C0
64,C0
65,C0
66,C0
28,C0
16,C0
67,C0
68,C0
69,C0
70,C0
71,C0
72,C0
73,C0
74,C0
75,C0
76,C0
77,C0
78,C0
79,C0
80,C0
81,C0
82,C0
83,C0
84,C0
85,C0
86,C0
87,C0
88,C0
89,C0
90,C0
32,C0
91,C0
92,C0
93,C0
94,C0
95,C0
96,C0
97,C0
98,C0
99,C0
100,C0
101,C0
102,C0
103,C0
104,C0
105,C0
106,C0
107,C0
108,C0
109,C0
110,C0
111,C0
112,C0
113,C0
114,C0
115,C0
116,C0
117,C0
118,C0
119,C0
120,C0
121,C0
122,C0
123,C0
124,C0
125,C0
126,C0
127,C0
128,C0
129,C0
130,C0
131,C0
132,C0
133,C0
134,C0
135,C0
136,C0
137,C0
138,C0
139,C0
140,C0
141,C0
142,C0
143,C0
144,C0
145,C0
146,C0
147,C0
148,C0
149,C0
150,C0
151,C0
152,C0
153,C0
154,C0
155,C0
156,C0
157,C0
158,C0
159,C0
160,C0
161,C0
162,C0
163,C0
164,C0
165,C0
166,C0
167,C0
168,C0
169,C0
170,C0
171,C0
172,C0
173,C0
174,C0
175,C0
176,C0
177,C0
178,C0
179,C0
180,C0
181,C0
182,C0
183,C0
184,C0
185,C0
186,C0
34,C0
187,C0
188,C0
189,C0
190,C0
191,C0
192,C0
193,C0
194,C0
195,C0
196,C0
197,C0
198,C0
199,C0
200,C0
201,C0
202,C0
203,B0
204,E0
205,K0
206,K0
207,E0
208,K0
209,F0
210,E0
211,K0
212,K0
213,I0
214,I0
215,I0
216,E0
217,I0
218,K0
219,E0
220,K0
221,K0
222,E0
223,I0
224,F0
225,B0
226,B0
227,K0
228,K0
229,K0
230,K0
231,K0
232,E0
233,K0
234,I0
235,K0
236,I0
237,E0
238,E0
239,I0
240,K0
241,E0
242,I0
243,I0
244,G0
245,E0
246,K0
247,I0
248,I0
249,I0
250,E0
251,I0
252,B0
253,B0
254,K0
255,I0
256,K0
257,I0
258,E0
259,F0
260,I0
261,K0
262,J0
263,G0
264,I0
265,K0
266,K0
267,B0
268,J0
269,I0
270,F0
271,F0
272,B0
273,K0
274,E0
275,E0
276,B0
277,I0
278,I0
279,K0
280,E0
281,I0
282,I0
283,B0
284,E0
285,I0
286,E0
287,F0
288,I0
289,K0
290,J0
291,F0
292,K0
293,B0
294,E0
295,I0
296,J0
297,K0
298,F0
299,E0
300,E0
301,B0
302,I0
303,I0
304,I0
305,I0
306,G0
307,K0
308,E0
309,F0
310,E0
311,F0
312,I0
313,I0
314,K0
315,F0
316,I0
317,I0
318,B0
319,E0
320,K0
321,K0
322,B0
323,B0
324,K0
325,I0
326,K0
327,I0
328,K0
329,J0
330,K0
331,I0
332,I0
333,I0
334,I0
335,E0
336,F0
337,K0
338,E0
339,E0
340,K0
341,E0
342,B0
343,F0
344,K0
345,F0
346,E0
347,K0
348,B0
349,I0
350,K0
351,K0
352,B0
353,I0
354,B0
355,I0
356,B0
357,I0
358,K0
359,I0
360,B0
361,G0
362,I0
363,K0
364,J0
365,I0
366,E0
367,K0
368,A0
369,A0
370,A0
371,A0
372,A0
373,A0
374,A0
375,A0
376,A0
377,A0
215,A0
378,A0
379,A0
380,A0
381,A0
382,A0
383,A0
384,A0
385,A0
386,A0
387,A0
388,A0
389,A0
390,A0
391,A0
392,A0
393,A0
394,A0
395,A0
396,A0
397,A0
398,A0
399,A0
400,A0
401,A0
402,A0
403,A0
404,A0
405,A0
406,A0
407,A0
408,A0
409,A0
410,A0
411,A0
412,A0
413,A0
414,A0
415,A0
416,A0
417,A0
418,A0
419,A0
420,A0
421,A0
422,A0
423,A0
424,A0
425,A0
426,A0
427,A0
428,A0
429,A0
430,A0
431,A0
432,A0
433,A0
434,A0
435,A0
436,A0
437,A0
438,A0
439,A0
440,A0
441,A0
442,A0
443,A0
444,A0
445,A0
446,A0
447,A0
448,A0
449,A0
450,D0
451,D0
452,D0
453,D0
454,D0
455,D0
456,D0
457,D0
458,D0
459,D0
460,D0
461,D0
462,D0
463,D0
464,D0
465,D0
466,D0
467,D0
468,D0
469,D0
470,D0
471,D0
472,D0
473,D0
474,D0
475,D0
476,D0
477,D0
478,D0
479,D0
480,D0
481,D0
482,D0
483,D0
484,D0
485,D0
486,D0
487,D0
488,D0
489,D0
490,D0
491,D0
492,D0
493,D0
494,D0
495,D0
496,D0
497,D0
498,D0
499,D0
500,D0
501,D0
502,D0
503,D0
504,D0
505,D0
506,D0
507,D0
508,D0
509,D0
510,D0
511,D0
512,D0
513,D0
514,D0
515,D0
516,D0
517,D0
518,D0
519,D0
520,D0
521,D0
522,D0
523,D0
524,D0
525,D0
526,D0
527,D0
528,D0
529,D0
530,D0
531,D0
532,D0
533,D0
534,D0
535,D0
536,D0
537,D0
538,D0
539,D0
540,D0
541,D0
542,D0
543,D0
544,D0
545,D0
546,D0
547,D0
548,D0
549,D0
550,D0
551,D0
552,D0
553,D0
554,D0
555,D0
556,D0
557,D0
558,D0
559,D0
560,D0
561,D0
562,D0
563,D0
564,D0
565,D0
566,D0
567,D0
568,D0
569,D0
570,D0
571,D0
572,D0
573,D0
574,D0
575,D0
576,D0
401,D0
577,D0
578,D0
579,D0
580,D0
581,D0
417,D0
582,D0
583,D0
584,D0
585,A0
586,A0
587,K0
588,D0
589,I0
590,D0
591,G0
592,E0
593,K0
594,E0
595,K0
596,E0
597,B0
598,K0
599,K0
600,B0
601,G0
602,B0
603,E0
604,B0
605,B0
606,K0
607,K0
608,J0
609,E0
610,K0
611,B0
612,B0
613,J0
614,B0
615,E0
616,K0
617,E0
618,K0
619,E0
620,E0
621,B0
622,G0
623,E0
624,F0
625,K0
626,E0
627,J0
628,K0
629,J0
630,B0
631,K0
632,B0
633,E0
634,B0
635,K0
636,E0
637,E0
638,K0
639,B0
640,B0
641,E0
642,B0
643,K0
644,J0
645,K0
646,K0
647,K0
648,K0
649,K0
650,K0
651,K0
652,B0
653,B0
654,K0
655,E0
656,B0
657,B0
658,B0
659,K0
660,K0
661,F0
662,B0
663,K0
664,J0
665,F0
666,E0
667,K0
668,K0
669,F0
670,F0
671,J0
672,E0
673,B0
674,B0
675,B0
676,K0
677,B0
637,B0
678,E0
679,J0
680,K0
681,E0
682,F0
683,F0
684,E0
685,K0
686,F0
687,K0
688,K0
689,E0
690,K0
691,F0
692,K0
693,E0
694,E0
695,F0
696,E0
697,E0
698,B0
699,E0
700,K0
701,B0
702,K0
703,F0
704,K0
705,J0
706,K0
707,K0
708,F0
709,B0
710,K0
711,F0
712,J0
713,_
691,K0
714,E0
715,B0
716,E0
717,K0
718,B0
719,E0
720,E0
721,B0
722,J0
723,J0
622,K0
724,A0
725,A0
726,A0
703,A0
727,A0
675,A0
728,A0
729,A0
730,A0
731,A0
732,A0
733,A0
734,A0
735,A0
736,A0
737,A0
738,A0
739,A0
740,A0
741,A0
742,A0
743,A0
744,A0
745,A0
746,A0
747,A0
748,A0
749,A0
750,A0
751,A0
752,A0
753,A0
754,A0
755,A0
756,A0
757,A0
758,A0
759,A0
760,A0
761,A0
762,A0
763,A0
764,A0
765,A0
766,A0
767,A0
768,A0
769,A0
770,A0
771,A0
772,A0
773,A0
774,A0
775,A0
776,A0
777,A0
778,A0
779,A0
780,A0
781,A0
782,A0
783,A0
784,A0
785,A0
786,A0
787,A0
788,A0
789,A0
790,A0
791,A0
792,A0
793,A0
794,A0
795,A0
796,A0
797,A0
798,A0
799,A0
800,A0
801,A0
802,A0
803,A0
804,A0
805,A0
806,A0
807,A0
808,A0
809,A0
810,A0
811,A0
812,A0
813,A0
814,A0
815,A0
816,A0
817,A0
818,A0
819,A0
820,A0
821,A0
822,A0
823,A0
824,A0
825,A0
826,A0
827,A0
828,A0
829,A0
830,A0
831,A0
832,A0
833,A0
834,A0
835,A0
836,I0
837,I0
838,I0
839,I0
840,I0
841,I0
842,I0
843,I0
703,I0
844,I0
845,I0
846,I0
847,I0
848,I0
849,I0
850,I0
851,I0
852,I0
853,I0
854,I0
855,I0
856,I0
857,I0
858,I0
859,I0
860,I0
861,I0
862,I0
863,I0
864,I0
865,I0
866,I0
867,I0
868,I0
869,I0
870,I0
871,I0
872,I0
873,I0
874,I0
875,I0
876,I0
877,I0
878,I0
879,I0
880,I0
881,I0
882,I0
883,I0
884,I0
885,I0
886,I0
887,I0
888,I0
889,I0
890,I0
891,I0
892,I0
893,I0
894,I0
895,I0
896,I0
897,I0
898,I0
899,I0
900,I0
901,I0
902,I0
903,I0
904,I0
905,I0
906,I0
907,I0
908,I0
909,I0
910,I0
911,I0
912,I0
913,I0
914,I0
915,I0
916,I0
917,I0
918,I0
919,I0
920,I0
921,I0
922,I0
923,I0
924,I0
925,I0
926,I0
927,I0
928,I0
929,I0
930,I0
931,I0
932,I0
933,I0
934,I0
935,I0
936,I0
937,I0
938,I0
939,I0
940,I0
941,I0
942,I0
943,I0
944,I0
945,I0
946,I0
947,D0
948,D0
949,D0
950,D0
951,D0
952,D0
953,D0
954,D0
955,D0
956,D0
957,D0
958,D0
959,D0
960,D0
961,D0
962,D0
963,D0
964,D0
785,D0
965,D0
966,D0
967,D0
968,D0
969,D0
970,D0
971,D0
972,D0
973,D0
974,D0
975,D0
976,D0
977,D0
978,D0
979,D0
980,D0
981,D0
982,D0
983,D0
984,D0
985,D0
986,D0
987,D0
988,D0
989,D0
990,D0
991,D0
992,D0
993,D0
994,D0
995,D0
996,D0
997,D0
998,D0
999,D0
1000,D0
1001,D0
1002,D0
1003,D0
1004,D0
1005,D0
1006,D0
1007,D0
1008,D0
1009,D0
1010,D0
1011,D0
1012,D0
1013,D0
1014,D0
1015,D0
1016,D0
1017,D0
1018,D0
1019,D0
1020,D0
1021,D0
1022,D0
1023,D0
1024,D0
1025,D0
1026,D0
1027,D0
1028,D0
1029,D0
1030,D0
1031,D0
1032,D0
1033,D0
1034,D0
1035,D0
1036,D0
1037,D0
1038,D0
1039,D0
1040,D0
1041,D0
1042,D0
1043,D0
1044,D0
1045,D0
1046,D0
1047,D0
1048,D0
1049,D0
1050,D0
1051,D0
1052,D0
1053,D0
1054,D0
1055,D0
1056,D0
1057,D0
1058,D0
1059,D0
1060,D0
1061,D0
1062,D0
806,D0
1063,D0
1064,D0
1065,D0
1066,D0
1067,D0
1068,D0
1069,D0
1070,D0
1071,D0
1072,D0
1073,D0
1074,D0
1075,D0
1076,D0
1077,D0
1078,D0
1079,D0
1080,D0
1081,D0
1082,D0
1083,D0
1084,D0
1085,D0
1086,D0
1087,I0
1088,E0
1089,D0
1090,D0
1091,K0
1092,D0
1093,G0
1094,F0
1095,E0
1096,J0
1097,E0
1098,E0
1099,F0
1100,G0
1101,F0
1102,_
1103,J0
1104,E0
1105,J0
1106,F0
1107,J0
1108,F0
1109,E0
1110,G0
1111,G0
1112,G0
1113,F0
1114,E0
1115,F0
1116,J0
1117,F0
1118,J0
1119,J0
1120,G0
1121,G0
1122,E0
1123,G0
1124,G0
1125,F0
1126,J0
1127,E0
1128,F0
1129,E0
1130,J0
1131,J0
1132,F0
1133,G0
1134,G0
1135,F0
1136,G0
1137,E0
1138,G0
1139,J0
1140,F0
1141,J0
1142,G0
1143,J0
1144,F0
1145,J0
1146,J0
1147,E0
1148,J0
1149,J0
1150,J0
1151,E0
1152,F0
1153,E0
703,E0
1154,J0
1155,J0
1156,F0
1157,E0
1158,E0
1159,J0
1160,F0
1161,J0
1162,F0
1163,F0
1164,J0
1165,E0
1166,F0
1167,J0
1168,F0
1169,E0
1170,F0
1171,F0
1172,E0
1173,J0
1174,F0
1175,G0
1176,G0
1177,J0
1178,E0
1179,E0
1180,J0
1181,F0
1182,F0
1183,J0
1184,J0
1185,J0
1186,E0
1187,J0
1188,F0
1189,J0
1190,J0
1191,E0
1192,E0
1193,J0
1194,G0
1195,J0
1196,J0
1197,J0
1198,J0
1199,G0
1200,F0
1201,B0
1202,B0
1203,B0
1204,B0
1205,B0
1206,B0
1207,B0
1208,B0
1209,B0
650,B0
1210,B0
1211,B0
1212,B0
1213,B0
1214,B0
1215,B0
1216,B0
1217,B0
1218,B0
1219,B0
1220,B0
1221,B0
1222,B0
1223,B0
1224,B0
1225,B0
1226,B0
1227,B0
1228,B0
1229,B0
1230,B0
1231,B0
1232,B0
1233,B0
1234,B0
1235,B0
1236,B0
1237,B0
1238,B0
1239,B0
1240,B0
1241,B0
1242,B0
1243,B0
1244,B0
1245,B0
1246,B0
1247,B0
1248,B0
1249,B0
1250,B0
1251,B0
1252,B0
1253,B0
1254,B0
1255,B0
1256,B0
1257,B0
1258,B0
1259,B0
1260,B0
1261,B0
1262,B0
1263,B0
1264,B0
1265,B0
1266,B0
1267,B0
1268,B0
1269,B0
1270,B0
1271,B0
1272,B0
1273,B0
1274,B0
1275,B0
1276,B0
1277,B0
1278,B0
1279,B0
1280,B0
1281,B0
1282,B0
1283,B0
1284,B0
1285,B0
1286,B0
1287,B0
1288,B0
1289,B0
1290,B0
1291,B0
1292,B0
1293,B0
1294,B0
1295,B0
1296,B0
1297,B0
1298,B0
1299,B0
1300,B0
1301,K0
1302,K0
1303,K0
1304,K0
1305,K0
1306,K0
1307,K0
1308,K0
1309,K0
1310,K0
1311,K0
1312,K0
1313,K0
1314,K0
1315,K0
1316,K0
1317,K0
1318,K0
1319,K0
1320,K0
1321,K0
1322,K0
1323,K0
1324,K0
1325,K0
1326,K0
1327,K0
1328,K0
1329,K0
1330,K0
1331,K0
1332,K0
1333,K0
1334,K0
1335,K0
1336,K0
1337,K0
1338,K0
1339,K0
1340,K0
1341,K0
1342,K0
1343,K0
1344,K0
1345,K0
1346,K0
1347,K0
1348,K0
1349,K0
1350,K0
1351,K0
703,K0
1352,K0
1353,K0
1354,K0
1355,K0
1356,K0
1357,K0
1358,K0
1359,K0
1360,K0
1361,K0
1362,K0
1363,K0
1364,K0
1365,K0
1366,K0
1367,K0
1368,K0
1369,K0
1370,K0
1371,K0
1372,K0
1373,K0
1374,K0
1375,K0
1376,K0
1377,K0
1378,K0
1379,K0
1380,K0
1381,K0
1382,K0
1383,K0
1384,K0
1385,K0
1386,K0
1387,K0
1388,K0
1389,K0
1390,K0
1391,K0
1392,K0
1393,K0
1394,K0
1395,K0
1396,K0
1397,K0
1398,K0
1399,K0
1400,K0
1401,K0
1402,K0
1403,K0
1404,K0
1405,K0
1406,K0
1407,K0
1408,K0
1409,K0
1410,K0
1411,K0
1412,K0
1413,K0
1414,K0
1415,K0
1416,K0
1417,K0
1418,K0
1419,K0
1420,K0
1421,K0
1422,K0
1423,K0
1424,K0
1425,K0
1426,K0
1427,K0
1428,K0
1429,K0
1430,K0
1431,K0
1432,K0
1433,K0
1434,K0
1435,K0
1436,K0
1437,K0
1438,K0
1439,K0
1440,K0
1441,K0
1442,K0
1443,K0
1444,A0
1445,A0
1446,A0
1447,A0
1448,A0
1449,A0
1450,A0
1451,A0
1452,A0
1453,A0
1454,A0
1455,A0
1456,A0
1457,A0
1458,A0
1459,A0
1460,A0
1461,A0
1462,A0
1463,A0
1464,A0
1465,A0
1466,A0
1467,A0
1468,A0
1469,A0
1470,A0
1471,A0
1472,A0
1473,A0
1474,A0
1475,A0
1476,A0
1477,A0
1478,A0
1479,A0
1480,A0
1481,A0
1482,A0
1483,A0
1484,A0
1485,A0
1486,A0
1487,A0
1488,A0
1489,A0
1490,A0
1491,A0
1492,A0
1493,A0
1494,A0
1495,A0
1496,A0
1497,A0
1498,A0
1499,A0
1500,A0
1501,A0
1502,A0
1503,A0
1504,A0
1505,A0
1506,A0
1507,A0
1508,A0
1509,A0
1510,A0
1511,A0
1512,A0
1513,A0
1514,A0
1515,A0
1516,A0
1517,A0
1518,A0
1519,A0
1520,A0
1521,A0
1522,A0
1523,A0
1524,A0
1525,A0
1526,A0
1527,A0
1528,A0
1529,A0
1530,A0
1531,A0
1532,A0
1533,A0
1534,A0
1535,A0
1536,A0
1537,A0
1538,A0
1539,A0
1540,A0
1541,A0
1542,A0
1543,A0
1544,A0
1545,A0
1546,A0
1547,A0
1548,A0
1549,A0
1550,A0
1551,A0
1552,A0
1553,A0
1554,A0
1555,A0
1556,A0
1557,A0
1558,A0
1559,A0
1560,A0
1561,A0
1562,A0
1563,A0
1564,A0
1565,A0
1566,A0
1567,A0
1568,A0
1569,A0
1570,A0
1571,A0
1572,A0
1573,A0
1574,A0
1575,A0
1576,A0
1577,A0
1578,A0
1579,A0
1580,A0
1581,A0
1582,A0
1583,A0
1584,A0
1585,A0
1586,A0
1587,A0
1588,A0
1589,A0
1590,A0
1591,A0
1592,A0
1593,A0
1594,A0
1595,A0
1596,A0
1597,A0
1598,A0
1599,A0
1600,A0
1601,A0
1602,A0
1603,A0
1604,A0
1605,A0
1606,A0
1607,A0
1608,A0
1609,A0
1610,A0
1611,A0
1612,A0
1613,A0
1614,A0
1615,A0
1616,A0
1617,A0
1618,A0
1619,A0
1620,A0
1621,A0
1622,A0
1623,A0
1624,A0
1625,A0
1626,A0
1627,A0
1628,A0
1629,A0
1630,A0
1631,A0
1632,A0
1633,A0
1634,A0
1635,A0
1636,A0
1637,A0
1638,A0
1639,A0
1640,A0
1641,A0
1642,A0
1643,A0
1644,A0
1645,A0
1646,A0
1647,A0
1648,A0
1649,A0
1650,A0
1651,A0
1652,A0
1653,A0
1654,A0
1655,A0
1656,A0
1657,A0
1658,A0
1659,A0
1660,A0
1661,A0
1662,A0
1663,A0
1664,A0
1665,A0
1666,A0
1667,A0
1668,A0
1669,A0
1670,A0
1671,A0
1672,A0
1673,A0
1674,A0
1675,A0
1676,A0
1677,A0
1678,A0
1679,A0
1680,A0
1681,A0
1682,A0
1683,A0
1684,A0
1685,A0
1686,A0
1687,A0
1688,A0
1689,A0
1690,A0
1691,A0
1692,A0
1693,A0
1694,A0
1695,A0
1696,A0
1697,A0
1698,A0
1699,A0
1700,A0
1701,A0
1702,A0
1703,A0
1704,A0
1705,A0
1706,A0
1707,A0
1708,A0
1709,A0
1710,A0
1711,A0
1712,A0
1713,A0
1714,A0
1715,D0
1716,D0
1717,D0
1718,D0
1719,D0
1720,D0
1721,D0
1722,D0
1723,D0
1724,D0
1725,D0
1726,D0
1727,D0
1728,D0
1729,D0
1730,D0
1731,D0
1732,D0
1733,D0
1734,D0
703,D0
1735,D0
1736,D0
1737,D0
1738,D0
1739,D0
1740,D0
1741,D0
1742,D0
1743,D0
1744,D0
1745,D0
1746,D0
1747,D0
1748,D0
1749,D0
1750,D0
1751,D0
1752,D0
1753,D0
1754,D0
1755,D0
1756,D0
1757,D0
1758,D0
1759,D0
1760,D0
1761,D0
1762,D0
1763,D0
1764,D0
1765,D0
1766,D0
1767,D0
1768,D0
1769,D0
1770,D0
1771,D0
1772,D0
1773,D0
1774,D0
1775,D0
1776,D0
1777,D0
1778,D0
1779,D0
1780,D0
1781,D0
1782,D0
1783,D0
1784,D0
1785,D0
1786,D0
1787,D0
1788,D0
1789,D0
1790,D0
1791,D0
1792,D0
1793,D0
1794,D0
1795,D0
1796,D0
1797,D0
1798,D0
1799,D0
1800,D0
1801,D0
1802,D0
1803,D0
1804,D0
1805,D0
1806,D0
1807,D0
1808,D0
1809,D0
1810,D0
1811,D0
1812,D0
1813,D0
1814,D0
1815,D0
1816,D0
1817,D0
1818,D0
1819,D0
1820,D0
1821,D0
1822,D0
1823,D0
1824,D0
1825,D0
1826,D0
1827,D0
1828,D0
1829,D0
1830,D0
1831,D0
1832,D0
1833,D0
1834,D0
1835,D0
1836,D0
1837,D0
1838,D0
1839,D0
1840,D0
1841,D0
1842,D0
1843,D0
1844,D0
1845,D0
1846,D0
1847,D0
1848,D0
1849,D0
1850,D0
1851,D0
1852,D0
1853,D0
1854,D0
1855,D0
1856,D0
1857,D0
1858,D0
1859,D0
1860,D0
1861,D0
1862,D0
1863,D0
1864,D0
1865,D0
1866,D0
1867,D0
1868,D0
1869,D0
1870,D0
1871,D0
1872,D0
1873,D0
1874,D0
1875,D0
1876,D0
1877,D0
1878,D0
1879,D0
1880,D0
1881,D0
1882,D0
1883,D0
1884,D0
1885,D0
1886,D0
1887,D0
1888,D0
1889,D0
1890,D0
1891,D0
1892,D0
1893,D0
1894,D0
1895,D0
1896,D0
1897,D0
1898,D0
1899,D0
1900,D0
1901,D0
1902,D0
1903,D0
1904,D0
1905,D0
1906,D0
1907,D0
1908,D0
1909,D0
1910,D0
1911,D0
1912,D0
1913,D0
1914,D0
1915,D0
1916,D0
1917,D0
1918,D0
1252,D0
1919,D0
1920,D0
1921,D0
1922,D0
1923,D0
1924,D0
1925,D0
1641,D0
1926,D0
1927,D0
1928,D0
1929,D0
1930,D0
1931,D0
1932,D0
1933,D0
1934,D0
1935,D0
1936,D0
1937,D0
1938,D0
1939,D0
1940,D0
1941,D0
1942,D0
1943,D0
1944,D0
1945,D0
1946,D0
1947,D0
1948,D0
1949,D0
1950,D0
1951,D0
1952,D0
1953,D0
1954,D0
1955,D0
1956,D0
1957,D0
1958,D0
1959,D0
1960,D0
1961,D0
1962,D0
1963,D0
1964,D0
1965,D0
1966,D0
1967,D0
1968,D0
1969,D0
1970,D0
1971,D0
1972,D0
1973,D0
1974,D0
1975,D0
1976,D0
1977,D0
1978,D0
1979,D0
1980,D0
1981,D0
1982,D0
1983,D0
1984,D0
1985,D0
1986,D0
1987,D0
1988,D0
1989,D0
1990,D0
1991,D0
1992,D0
1993,D0
1994,D0
1995,D0
1996,D0
1997,D0
1998,D0
1999,D0
2000,D0
2001,D0
2002,D0
2003,D0
2004,D0
2005,D0
2006,D0
2007,D0
2008,D0
2009,D0
2010,D0
2011,D0
2012,D0
2013,D0
2014,D0
2015,D0
2016,D0
2017,D0
2018,D0
2019,D0
2020,D0
2021,D0
2022,D0
2023,D0
2024,D0
2025,D0
2026,D0
2027,D0
2028,D0
2029,D0
2030,D0
2031,D0
2032,D0
2033,D0
2034,D0
2035,D0
2036,D0
2037,D0
2038,D0
2039,D0
2040,D0
2041,D0
2042,D0
2043,D0
2044,D0
2045,D0
2046,D0
2047,D0
2048,D0
2049,D0
2050,D0
2051,D0
2052,D0
2053,D0
2054,D0
2055,D0
2056,D0
2057,D0
2058,D0
2059,D0
2060,D0
2061,D0
2062,D0
2063,D0
2064,D0
2065,D0
2066,D0
2067,D0
2068,D0
2069,D0
2070,D0
2071,D0
2072,D0
2073,D0
2074,D0
2075,D0
2076,D0
2077,D0
2078,D0
2079,D0
2080,D0
2081,D0
2082,D0
2083,D0
2084,D0
2085,D0
2086,D0
2087,D0
2088,D0
2089,D0
2090,D0
2091,D0
2092,D0
2093,D0
2094,D0
2095,D0
2096,D0
2097,D0
2098,D0
2099,D0
2100,D0
2101,D0
2102,D0
2103,D0
2104,D0
2105,D0
2106,D0
2107,D0
2108,D0
2109,D0
2110,D0
2111,D0
2112,D0
2113,D0
2114,D0
2115,D0
2116,D0
2117,D0
2118,D0
2119,D0
2120,D0
2121,D0
2122,D0
2123,D0
2124,D0
2125,D0
2126,D0
2127,D0
2128,D0
2129,D0
2130,D0
2131,D0
2132,D0
2133,D0
2134,D0
2135,D0
2136,D0
2137,D0
2138,D0
2139,D0
2140,D0
2141,D0
2142,D0
2143,D0
2144,D0
2145,D0
2146,D0
2147,D0
2148,D0
2149,D0
2150,D0
2151,D0
2152,D0
2153,D0
2154,D0
2155,D0
2156,D0
2157,D0
2158,D0
2159,D0
2160,D0
2161,D0
2162,D0
2163,D0
2164,D0
2165,D0
2166,D0
2167,D0
2168,D0
2169,D0
1489,D0
2170,D0
2171,D0
2172,D0
2173,D0
2174,D0
2175,D0
2176,D0
2177,D0
2178,D0
2179,D0
2180,D0
2181,D0
2182,D0
2183,D0
2184,D0
2185,D0
2186,D0
2187,D0
2188,D0
2189,D0
2190,D0
2191,D0
2192,D0
2193,D0
2194,D0
2195,D0
2196,D0
2197,D0
2198,D0
2199,D0
2200,D0
2201,D0
2202,D0
2203,D0
2204,D0
2205,D0
2206,D0
2207,D0
2208,D0
2209,D0
2210,D0
2211,D0
2212,D0
2213,D0
2214,D0
2215,D0
2216,D0
2217,D0
2218,D0
2219,D0
2220,D0
2221,D0
2222,D0
2223,D0
2224,D0
2225,D0
2226,D0
2227,D0
2228,D0
2229,D0
2230,D0
2231,D0
2232,D0
2233,D0
2234,D0
2235,D0
2236,D0
2237,D0
2238,D0
2239,D0
2240,D0
2241,D0
2242,D0
2243,D0
2244,I0
2245,I0
2246,I0
2247,I0
2248,I0
2249,I0
2250,I0
2251,I0
2252,I0
2253,I0
2254,I0
2255,I0
2256,I0
2257,I0
2258,I0
2259,I0
2260,I0
2261,I0
2262,I0
2263,I0
2264,I0
2265,I0
2266,I0
2267,I0
2268,I0
2269,I0
2270,I0
2271,I0
2272,I0
2273,I0
2274,I0
2275,I0
2276,I0
2277,I0
2278,I0
2279,I0
2280,I0
2281,I0
2282,I0
2283,I0
2284,I0
2285,I0
2286,I0
2287,I0
2288,I0
2289,I0
2290,I0
2291,I0
2292,I0
2293,I0
2294,I0
2295,I0
2296,I0
2297,I0
2298,I0
2299,I0
2300,I0
2301,I0
2302,I0
2303,I0
2304,I0
2305,I0
2306,I0
2307,I0
2308,I0
2309,I0
2310,I0
2311,I0
2312,I0
2313,I0
2314,I0
2315,I0
2316,I0
2317,I0
2318,I0
2319,I0
2320,I0
2321,I0
2322,I0
2323,I0
2324,I0
2325,I0
2326,I0
2327,I0
2328,I0
2329,I0
2330,I0
2331,I0
2332,I0
2333,I0
2334,I0
2335,I0
2336,I0
2337,I0
2338,I0
2339,I0
2340,I0
2341,I0
2342,I0
2343,I0
2344,I0
2345,I0
2346,I0
2347,I0
2348,I0
2349,I0
2350,I0
2351,I0
2352,I0
2353,I0
2354,I0
2355,I0
2356,I0
2357,I0
2358,I0
2359,I0
2360,I0
2361,I0
2362,I0
2363,I0
2364,I0
2365,I0
2366,I0
2367,I0
2368,I0
2369,I0
2370,I0
2371,I0
2372,I0
2373,I0
2374,I0
2375,I0
2376,I0
2377,I0
2378,I0
2379,I0
2380,I0
2381,I0
2382,I0
2383,I0
2384,I0
2385,I0
2386,I0
2387,I0
2388,I0
2389,I0
2390,I0
2391,I0
2392,I0
2393,I0
2394,I0
2395,I0
2396,I0
2397,I0
2398,I0
2399,I0
2400,I0
2401,I0
2402,I0
2403,I0
2404,I0
2405,I0
2406,I0
2407,I0
2408,I0
2409,I0
2410,I0
2411,I0
2412,I0
2413,I0
2414,I0
2415,I0
2416,I0
2417,I0
2418,I0
2419,I0
2420,I0
2421,I0
2422,I0
2423,I0
2424,I0
2425,I0
2426,I0
2427,I0
2428,I0
2429,I0
2430,I0
2431,I0
2432,I0
2433,I0
2434,I0
2435,I0
2436,I0
2437,I0
2438,I0
2439,I0
2440,I0
2441,I0
2442,I0
2443,I0
2444,I0
2445,I0
2446,I0
2447,I0
2448,I0
2449,I0
2450,I0
2451,I0
2452,I0
2453,I0
2454,I0
2455,I0
2456,I0
2457,I0
2458,I0
2459,I0
2460,I0
2461,I0
2462,I0
2463,I0
2464,I0
2465,I0
2466,I0
2467,I0
2468,I0
2469,I0
2470,I0
2471,I0
2472,I0
2473,I0
2474,I0
2475,I0
2476,I0
2477,I0
2478,I0
2479,I0
2480,I0
2481,I0
2482,I0
2483,I0
2484,I0
2485,I0
2486,I0
2487,I0
2488,I0
2489,I0
2490,I0
2491,I0
2492,I0
2493,I0
2494,I0
2495,I0
2496,I0
2497,I0
2498,I0
2499,I0
2500,I0
2501,I0
2502,I0
2503,I0
2504,I0
2505,I0
2506,I0
2507,I0
2508,I0
2509,I0
2510,I0
2511,I0
2512,I0
2513,I0
2514,I0
2515,I0
2516,I0
2517,I0
2518,I0
2519,I0
2520,I0
2521,I0
2522,I0
2523,I0
2524,I0
2525,I0
2526,I0
2527,I0
2528,I0
2529,I0
2530,I0
2531,I0
2532,I0
2533,I0
2534,I0
2535,I0
2536,I0
2537,I0
2538,I0
2539,I0
2540,I0
2541,I0
2542,I0
2543,I0
2544,I0
2545,I0
2546,I0
2547,I0
2548,I0
2549,I0
2550,I0
2551,I0
2552,I0
2553,I0
2554,I0
2555,I0
2556,I0
2557,I0
2558,I0
2559,I0
2560,I0
2561,I0
2562,I0
2563,I0
2564,I0
2565,I0
2566,I0
2567,I0
2568,I0
2569,I0
2570,I0
2571,I0
2572,I0
2573,I0
2574,I0
2575,I0
2576,I0
2577,I0
2578,I0
2579,I0
2580,I0
2581,I0
2582,I0
2583,I0
2584,I0
2585,I0
2586,I0
2587,I0
2588,I0
2589,I0
2590,I0
2591,I0
2592,I0
2593,I0
2594,I0
2595,I0
2596,I0
2597,I0
2598,I0
2599,I0
2600,I0
2601,I0
2602,I0
2603,I0
2604,I0
2605,I0
2606,I0
2607,I0
2608,I0
2609,I0
2610,I0
2611,I0
2612,I0
2613,I0
2614,I0
2615,I0
2616,I0
2617,I0
2618,I0
2619,I0
2620,I0
2621,I0
2622,I0
2623,I0
2624,I0
2625,I0
2626,I0
2627,I0
2628,I0
2629,I0
2630,I0
2631,I0
2632,I0
2633,I0
2634,I0
2635,I0
2636,I0
2637,I0
2638,I0
2639,I0
2640,I0
2641,I0
2642,I0
2643,I0
2644,I0
2645,I0
2646,I0
2647,I0
2648,I0
2649,I0
2650,I0
2651,I0
2652,I0
2653,I0
2654,I0
2655,I0
2656,I0
2657,I0
2658,I0
2659,I0
2660,I0
2661,I0
2662,I0
2663,I0
2664,I0
2665,I0
2666,I0
2667,I0
2668,I0
2669,I0
2670,I0
2671,I0
2672,I0
2673,I0
2674,I0
2675,I0
2676,I0
2677,I0
2678,I0
2679,I0
2680,I0
2681,I0
2682,I0
2683,I0
2684,I0
2685,I0
2686,I0
2687,I0
2688,I0
2689,I0
2690,I0
2691,I0
2692,I0
2693,I0
2694,I0
2695,I0
2696,I0
2697,I0
2698,I0
2699,I0
2700,I0
2701,I0
2702,I0
2703,I0
2704,I0
2705,I0
2706,I0
2707,I0
2708,I0
2709,I0
2710,I0
2711,I0
2712,I0
2713,I0
2714,I0
2715,I0
2716,I0
2717,I0
2718,I0
2719,I0
2720,I0
2721,I0
2722,I0
2723,I0
2724,I0
2725,I0
2726,I0
2727,I0
2728,I0
2729,I0
2730,I0
2731,I0
2732,I0
2733,I0
2734,I0
2735,I0
2736,I0
2737,I0
2738,I0
2739,I0
2740,I0
2741,I0
2742,I0
2743,I0
2744,I0
2745,I0
2746,I0
2747,I0
2748,I0
2749,I0
2750,I0
2751,I0
2752,I0
2753,I0
2754,I0
2755,I0
2756,I0
2757,I0
2758,I0
2759,I0
2760,I0
2761,I0
2762,I0
2763,I0
2764,I0
2765,I0
2766,I0
2767,I0
2768,I0
2769,I0
2770,I0
2771,I0
2772,I0
2773,I0
2774,I0
2775,I0
2776,I0
2777,I0
2778,I0
2779,I0
2780,I0
2781,I0
2782,I0
2783,I0
2784,I0
2785,I0
2786,I0
2787,D0
2788,D0
2789,D0
2790,D0
2791,D0
2792,D0
2793,D0
2794,D0
2795,D0
2796,D0
2797,D0
2798,D0
2799,D0
2800,D0
2801,D0
2802,D0
2803,D0
2804,D0
2805,D0
2806,D0
2807,D0
2808,D0
2809,D0
2810,D0
2811,D0
2812,D0
2813,D0
2814,D0
2815,D0
2816,D0
2817,D0
2818,D0
2819,D0
2820,D0
2821,D0
2822,D0
2823,D0
2824,D0
2825,D0
2826,D0
2827,D0
2828,D0
2829,D0
2830,D0
2831,D0
2832,D0
2833,D0
2834,D0
2835,D0
2836,D0
2837,D0
2838,D0
2839,D0
2840,D0
2841,D0
2842,D0
2843,D0
2844,D0
2845,D0
2846,D0
2847,D0
2848,D0
2849,D0
2850,D0
2851,D0
2852,D0
2853,D0
2854,D0
2855,D0
2856,D0
2857,D0
2858,D0
2859,D0
2860,D0
2861,D0
2862,D0
2863,D0
2864,D0
2865,D0
2866,D0
2867,D0
2868,D0
2869,D0
2870,D0
2871,D0
2872,D0
2873,D0
2874,D0
2875,D0
2876,D0
2877,J0
1368,J0
2878,J0
2879,J0
2880,J0
2881,J0
2882,J0
2883,J0
2884,J0
2885,J0
2886,J0
2887,J0
2888,J0
2889,J0
2890,J0
2891,J0
2892,J0
2893,J0
2894,J0
2895,J0
2896,J0
2897,J0
2898,J0
2899,J0
2900,J0
2901,J0
2902,J0
2903,J0
2904,J0
2905,J0
2906,J0
2907,J0
2908,J0
2909,J0
2910,J0
2911,J0
2912,J0
2913,J0
2914,J0
2915,J0
2916,J0
2917,J0
2918,J0
2919,J0
2920,J0
2921,J0
2922,J0
2923,J0
2924,J0
2925,J0
2926,J0
2927,J0
2928,J0
2929,J0
2930,J0
2931,J0
2932,J0
2933,J0
2934,J0
2935,J0
2936,J0
2937,J0
2938,J0
2939,J0
2940,J0
2941,J0
2942,J0
2943,J0
2944,J0
2945,J0
2946,J0
2947,J0
2948,J0
2949,J0
2950,J0
2951,J0
2952,J0
1397,J0
2953,J0
2954,J0
2955,J0
2956,J0
2957,J0
2958,J0
2959,J0
2960,J0
2961,J0
2962,J0
2963,J0
2964,J0
2965,J0
2966,J0
2967,J0
2968,J0
2969,J0
2970,J0
2971,J0
2972,J0
2973,J0
2974,J0
2975,J0
2976,J0
2977,J0
2978,J0
2979,J0
2980,J0
2981,J0
2982,J0
2983,J0
2984,J0
2985,J0
2986,J0
2987,J0
2988,J0
2989,J0
2990,J0
2991,J0
2992,J0
2993,J0
2994,J0
2995,J0
2996,J0
2997,J0
1347,J0
2998,J0
2999,J0
3000,J0
3001,J0
3002,J0
3003,J0
3004,J0
3005,J0
3006,J0
3007,J0
3008,J0
3009,J0
3010,J0
3011,J0
3012,J0
3013,J0
3014,J0
3015,J0
3016,J0
3017,J0
3018,J0
3019,J0
3020,J0
3021,J0
3022,J0
3023,J0
3024,J0
3025,J0
3026,J0
3027,J0
3028,J0
3029,J0
3030,J0
3031,J0
3032,J0
3033,J0
3034,J0
3035,J0
3036,J0
3037,J0
3038,J0
3039,J0
3040,J0
3041,J0
3042,J0
3043,J0
3044,J0
3045,J0
3046,J0
3047,J0
3048,J0
3049,J0
3050,J0
3051,J0
3052,J0
3053,J0
3054,J0
3055,J0
3056,J0
3057,J0
3058,J0
3059,J0
3060,J0
3061,J0
3062,J0
3063,J0
3064,J0
3065,J0
3066,J0
3067,J0
3068,J0
3069,J0
3070,J0
3071,J0
3072,J0
3073,J0
3074,J0
3075,J0
3076,J0
3077,J0
3078,J0
3079,J0
3080,J0
3081,J0
3082,J0
3083,J0
3084,J0
3085,J0
3086,J0
3087,J0
3088,J0
3089,J0
3090,J0
3091,J0
3092,J0
3093,J0
3094,J0
3095,J0
3096,J0
3097,J0
3098,J0
3099,J0
3100,J0
3101,J0
3102,J0
3103,J0
3104,J0
3105,J0
3106,J0
3107,J0
3108,J0
3109,J0
3110,J0
3111,J0
3112,J0
3113,J0
3114,J0
3115,J0
3116,J0
3117,J0
3118,J0
3119,J0
3120,J0
3121,J0
3122,J0
3123,J0
3124,J0
3125,J0
3126,J0
3127,J0
3128,J0
3129,J0
3130,J0
3131,J0
3132,J0
3133,J0
3134,J0
3135,J0
3136,J0
3137,J0
3138,J0
3139,J0
3140,J0
3141,J0
3142,J0
1323,J0
3143,J0
3144,J0
3145,J0
3146,J0
3147,J0
3148,J0
3149,J0
3150,J0
3151,J0
3152,J0
3153,J0
3154,J0
3155,J0
3156,J0
3157,J0
3158,J0
3159,J0
3160,J0
3161,J0
3162,J0
3163,J0
3164,J0
3165,J0
3166,J0
3167,J0
3168,J0
3169,J0
3170,J0
3171,J0
3172,J0
3173,J0
3174,J0
3175,J0
3176,J0
3177,J0
3178,J0
3179,J0
3180,J0
1475,J0
3181,J0
3182,J0
3183,J0
3184,J0
3185,J0
3186,J0
3187,J0
3188,J0
3189,J0
3190,J0
3191,J0
3192,J0
3193,J0
3194,J0
3195,J0
3196,J0
3197,J0
3198,J0
3199,J0
3200,J0
3201,J0
3202,J0
3203,J0
3204,J0
3205,J0
3206,J0
3207,J0
3208,J0
3209,J0
3210,J0
3211,J0
3212,J0
3213,J0
3214,J0
3215,J0
3216,J0
3217,J0
3218,J0
3219,J0
3220,J0
3221,J0
3222,J0
3223,J0
3224,J0
3225,J0
3226,J0
3227,J0
3228,J0
3229,J0
3230,J0
3231,J0
3232,J0
3233,J0
3234,J0
3235,J0
3236,J0
3237,J0
3238,J0
3239,J0
3240,J0
3241,J0
3242,J0
3243,J0
3244,J0
3245,J0
710,J0
3246,J0
3247,J0
3248,J0
3249,J0
3250,J0
3251,J0
3252,J0
3253,J0
3254,J0
3255,J0
3256,J0
3257,J0
3258,J0
3259,J0
3260,J0
3261,J0
3262,J0
3263,J0
3264,J0
3265,J0
3266,J0
3267,J0
3268,J0
3269,J0
3270,J0
3271,J0
3272,J0
3273,J0
3274,J0
3275,J0
3276,J0
3277,J0
3278,J0
3279,J0
3280,J0
3281,J0
3282,J0
3283,J0
3284,J0
3285,J0
3286,J0
3287,J0
3288,J0
3289,J0
3290,J0
3291,J0
1440,J0
3292,J0
3293,J0
3294,J0
3295,J0
3296,J0
3297,J0
3298,J0
3299,J0
3300,J0
3301,J0
3302,J0
3303,J0
3304,J0
3305,J0
3306,J0
3307,J0
3308,J0
3309,J0
3310,J0
3311,J0
3312,J0
3313,J0
3314,J0
3315,J0
3316,J0
3317,J0
3318,J0
3319,J0
3320,J0
3321,J0
3322,J0
3323,J0
3324,J0
3325,J0
3326,J0
3327,J0
3328,J0
3329,J0
3330,J0
3331,J0
3332,J0
3333,J0
3334,J0
3335,J0
3336,J0
3337,J0
3338,J0
3339,J0
3340,J0
3341,J0
3342,J0
3343,J0
3344,J0
3345,J0
3346,J0
3347,J0
3348,J0
3349,J0
3350,J0
3351,J0
3352,J0
3353,J0
3354,J0
3355,J0
3356,J0
3357,J0
3358,J0
3359,J0
3360,J0
3361,J0
3362,J0
3363,J0
3364,J0
3365,J0
3366,J0
3367,J0
3368,J0
3369,J0
3370,J0
3371,J0
3372,J0
3373,J0
3374,J0
3375,J0
3376,J0
3377,J0
3378,J0
3379,J0
3380,J0
3381,J0
3382,J0
3383,J0
3384,J0
3385,J0
3386,J0
3387,J0
3388,J0
3389,J0
3390,J0
3391,J0
3392,J0
3393,J0
3394,J0
3395,J0
3396,J0
3397,J0
3398,J0
3399,J0
3400,J0
3401,J0
3402,J0
3403,J0
3404,J0
3405,J0
3406,J0
3407,J0
3408,J0
3409,J0
3410,J0
3411,J0
3412,J0
3413,J0
3414,J0
3415,J0
3416,J0
3417,J0
3418,J0
3419,J0
3420,J0
3421,J0
3422,J0
3423,J0
3424,J0
3425,J0
3426,J0
3427,J0
3428,J0
3429,J0
3430,J0
3431,J0
3432,J0
3433,J0
3434,J0
1873,J0
3435,J0
3436,J0
3437,J0
3438,J0
3439,J0
3440,J0
3441,J0
3442,J0
3443,J0
3444,J0
3445,J0
3446,J0
3447,J0
3448,J0
3449,J0
3450,J0
3451,J0
3452,J0
3453,J0
3454,J0
3455,J0
3456,J0
3457,J0
3458,J0
3459,J0
3460,J0
3461,J0
3462,J0
3463,J0
3464,J0
3465,J0
3466,J0
3467,J0
3468,J0
3469,J0
3470,J0
3471,J0
3472,J0
3473,J0
3474,J0
3475,J0
3476,J0
3477,J0
3478,J0
3479,J0
3480,J0
3481,J0
3482,J0
3483,J0
3484,J0
3485,J0
3486,J0
3487,J0
3488,J0
3489,J0
3490,J0
3491,J0
3492,J0
3493,J0
3494,J0
3495,J0
3496,J0
3497,J0
3498,J0
3499,J0
3500,J0
3501,J0
3502,J0
3503,J0
3504,J0
3505,J0
3506,J0
3507,J0
3508,J0
3509,J0
3510,J0
3511,J0
3512,J0
3513,J0
3514,J0
3515,J0
3516,J0
3517,J0
3518,J0
3519,J0
3520,J0
3521,J0
3522,J0
3523,J0
3524,J0
3525,J0
3526,J0
3527,J0
3528,J0
3529,J0
3530,J0
3531,J0
3532,J0
3533,J0
3534,J0
3535,J0
3536,J0
3537,J0
3538,J0
3539,J0
3540,J0
3541,J0
3542,J0
3543,J0
3544,J0
3545,J0
3546,J0
3547,J0
3548,J0
3549,J0
3550,J0
3551,J0
3552,J0
3553,J0
3554,J0
3555,J0
3556,J0
3557,J0
3558,J0
3559,J0
3560,J0
3561,J0
3562,J0
3563,J0
3564,J0
3565,J0
3566,J0
3567,J0
3568,J0
3569,J0
3570,J0
3571,J0
3572,J0
3573,J0
3574,J0
3575,J0
3576,J0
3577,J0
3578,J0
3579,J0
3580,J0
3581,J0
3582,J0
3583,J0
3584,J0
3585,J0
3586,J0
3587,J0
3588,J0
3589,J0
3590,J0
3591,J0
3592,J0
3593,J0
3594,J0
3595,J0
3596,J0
3597,J0
3598,J0
3599,J0
3600,J0
3601,J0
3602,J0
3603,J0
3604,J0
3605,J0
3606,J0
3607,J0
3608,J0
3609,J0
3610,J0
3611,J0
3612,J0
3613,J0
3614,J0
3615,J0
3616,J0
3617,J0
3618,J0
3619,J0
3620,J0
3621,J0
3622,J0
3623,J0
3624,J0
3625,J0
3626,J0
3627,J0
3628,J0
3629,J0
3630,J0
3631,J0
3632,J0
3633,J0
3634,J0
3635,J0
3636,J0
3637,J0
3638,J0
3639,J0
3640,J0
3641,J0
3642,J0
3643,J0
3644,J0
3645,J0
3646,J0
3647,J0
3648,J0
3649,J0
3650,J0
3651,J0
3652,J0
3653,J0
3654,J0
3655,J0
3656,J0
3657,J0
3658,J0
3659,J0
3660,J0
3661,J0
3662,J0
3663,J0
3664,J0
3665,J0
3666,J0
3667,J0
3668,J0
3669,J0
3670,J0
3671,J0
3672,J0
3673,J0
3674,J0
3675,J0
3676,J0
3677,J0
3678,J0
468,J0
3679,J0
3680,J0
3681,J0
3682,J0
3683,J0
3684,J0
3685,J0
3686,J0
3687,J0
3688,J0
3689,J0
3690,J0
3691,J0
3692,J0
3693,J0
3694,J0
3695,J0
3696,J0
3697,J0
3698,J0
3699,J0
3700,J0
3701,J0
3702,J0
3703,J0
3704,J0
3705,J0
3706,J0
3707,J0
3708,J0
3709,J0
3710,J0
3711,J0
3712,J0
1930,J0
3713,J0
3714,J0
3715,J0
3716,J0
3717,J0
3718,J0
3719,J0
3720,J0
3721,J0
3722,J0
3723,J0
3724,J0
3725,J0
3726,J0
3727,J0
3728,J0
3729,J0
3730,J0
3731,J0
3732,J0
3733,J0
3734,J0
3735,J0
3736,J0
3737,J0
3738,J0
3739,J0
3740,J0
3741,J0
3742,J0
3743,J0
3744,J0
3745,J0
3746,J0
3747,J0
3748,J0
3749,J0
3750,J0
3751,J0
3752,J0
3753,J0
3754,J0
3755,J0
3756,J0
3757,J0
3758,J0
3759,J0
3760,J0
3761,J0
3762,J0
3763,J0
3764,J0
3765,J0
3766,J0
3767,J0
3768,J0
3769,J0
3770,J0
3771,J0
3772,J0
3773,J0
3774,J0
3775,J0
3776,J0
3777,J0
3778,J0
3779,J0
3780,J0
3781,J0
3782,J0
3783,J0
3784,J0
3785,J0
3786,J0
3787,J0
3788,J0
3789,J0
3790,J0
3791,J0
3792,J0
3793,J0
3794,J0
3795,J0
3796,J0
3797,J0
3798,J0
3799,J0
3800,J0
3801,J0
3802,J0
3803,J0
3804,J0
3805,J0
3806,J0
3807,J0
3808,J0
3809,J0
3810,J0
3811,J0
3812,J0
3813,J0
3814,J0
3815,J0
3816,J0
3817,J0
3818,J0
3819,J0
3820,J0
3821,J0
3822,J0
3823,J0
3824,J0
3825,J0
3826,J0
3827,J0
3828,J0
3829,J0
3830,J0
3831,J0
3832,J0
3833,J0
3834,J0
3835,J0
3836,J0
3837,J0
3838,J0
3839,J0
3840,J0
3841,J0
3842,J0
3843,J0
3844,J0
3845,J0
3846,J0
3847,J0
3848,J0
3849,J0
3850,J0
3851,J0
3852,J0
3853,J0
3854,J0
3855,J0
3856,J0
3857,J0
3858,J0
3859,J0
3860,J0
3861,J0
3862,J0
3863,J0
3864,J0
3865,J0
3866,J0
3867,J0
3868,J0
3869,J0
3870,J0
3871,J0
3872,J0
3873,J0
3874,J0
3875,J0
3876,J0
3877,J0
3878,J0
3879,J0
3880,J0
3881,J0
3882,J0
3883,J0
3884,J0
3885,J0
3886,J0
3887,J0
3888,J0
3889,J0
3890,J0
3891,J0
3892,J0
3893,J0
3894,J0
3895,J0
3896,J0
3897,J0
3898,J0
3899,J0
3900,J0
3901,J0
3902,J0
3903,J0
3904,J0
3905,J0
3906,J0
3907,J0
3908,J0
3909,J0
3910,J0
3911,J0
3912,J0
3913,J0
3914,J0
3915,J0
3916,J0
3917,J0
3918,J0
3919,J0
3920,J0
3921,J0
3922,J0
3923,J0
3924,J0
3925,J0
3926,J0
3927,J0
3928,J0
3929,J0
3930,J0
3931,J0
3932,J0
3933,J0
3934,J0
3935,J0
3936,J0
3937,J0
3938,J0
3939,J0
3940,J0
3941,J0
3942,J0
3943,J0
3944,J0
3945,J0
3946,J0
3947,J0
3948,J0
3949,J0
3950,J0
3951,J0
3952,J0
3953,J0
3954,J0
3955,J0
3956,J0
3957,J0
3958,J0
1325,J0
3959,J0
3960,J0
3961,J0
3962,J0
3963,J0
3964,J0
3965,J0
3966,J0
3967,J0
3968,J0
3969,J0
3970,J0
3971,J0
3972,J0
3973,J0
3974,J0
3975,J0
3976,J0
3977,J0
3978,J0
3979,J0
3980,J0
3981,J0
3982,J0
3983,I0
3984,I0
3985,I0
3986,I0
3987,I0
3988,I0
3989,I0
3990,I0
3991,I0
3992,I0
3993,I0
3994,I0
3995,I0
3996,I0
3997,I0
3998,I0
3999,I0
4000,I0
4001,I0
4002,I0
4003,I0
4004,I0
4005,I0
4006,I0
4007,I0
4008,I0
4009,I0
4010,I0
4011,I0
4012,I0
4013,I0
4014,I0
4015,I0
4016,I0
4017,I0
4018,I0
4019,I0
4020,I0
4021,I0
4022,I0
4023,I0
4024,I0
4025,I0
4026,I0
4027,I0
4028,I0
4029,I0
4030,I0
4031,I0
4032,I0
4033,I0
4034,I0
4035,I0
4036,I0
4037,I0
4038,I0
4039,I0
4040,I0
4041,I0
4042,I0
4043,I0
4044,I0
4045,I0
4046,I0
4047,I0
4048,I0
4049,I0
4050,I0
4051,I0
4052,I0
4053,I0
4054,I0
4055,I0
4056,I0
4057,I0
4058,I0
4059,I0
4060,I0
4061,I0
4062,I0
4063,I0
4064,I0
4065,I0
4066,I0
4067,I0
4068,I0
4069,I0
4070,I0
4071,I0
4072,I0
4073,I0
4074,I0
4075,I0
4076,I0
4077,I0
4078,I0
4079,I0
4080,I0
4081,I0
4082,I0
4083,I0
4084,I0
4085,I0
4086,I0
4087,I0
4088,I0
4089,I0
4090,I0
4091,I0
4092,I0
4093,I0
4094,I0
4095,I0
4096,I0
4097,I0
4098,I0
4099,I0
4100,I0
4101,I0
4102,I0
4103,I0
4104,I0
4105,I0
4106,I0
4107,I0
4108,I0
4109,I0
4110,I0
4111,I0
4112,I0
4113,I0
4114,I0
4115,I0
4116,I0
4117,I0
4118,I0
4119,I0
4120,I0
4121,I0
4122,I0
4123,I0
4124,I0
4125,I0
4126,I0
4127,I0
4128,I0
4129,I0
4130,I0
4131,I0
626,I0
4132,I0
4133,I0
4134,I0
4135,I0
4136,I0
4137,I0
4138,I0
4139,I0
4140,I0
4141,I0
4142,I0
4143,I0
4144,I0
4145,I0
4146,I0
4147,I0
4148,I0
4149,I0
4150,I0
4151,I0
4152,I0
4153,I0
4154,I0
4155,I0
4156,I0
4157,I0
4158,I0
4159,I0
4160,I0
4161,I0
4162,I0
4163,I0
4164,I0
4165,I0
4166,I0
4167,I0
4168,I0
4169,I0
4170,I0
4171,I0
4172,I0
4173,I0
4174,I0
4175,I0
4176,I0
4177,I0
4178,I0
4179,I0
4180,I0
4181,I0
4182,I0
4183,I0
4184,I0
4185,I0
4186,I0
4187,I0
4188,I0
4189,I0
4190,I0
4191,I0
4192,I0
4193,I0
4194,I0
4195,I0
4196,I0
4197,I0
4198,I0
4199,I0
4200,I0
4201,I0
4202,I0
4203,I0
4204,I0
4205,I0
4206,I0
4207,I0
4208,I0
4209,I0
4210,I0
4211,I0
4212,I0
4213,I0
4214,I0
4215,I0
4216,I0
4217,I0
4218,I0
4219,I0
4220,I0
4221,I0
4222,I0
4223,I0
4224,I0
4225,I0
4226,I0
4227,I0
4228,I0
4229,I0
4230,I0
4231,I0
4232,I0
4233,I0
4234,I0
4235,I0
4236,I0
4237,I0
4238,I0
4239,I0
4240,I0
4241,I0
4242,I0
4243,I0
4244,I0
4245,I0
4246,I0
4247,I0
4248,I0
4249,I0
4250,I0
4251,I0
4252,I0
4253,I0
4254,I0
4255,I0
4256,I0
4257,I0
4258,I0
4259,I0
4260,I0
4261,I0
4262,I0
4263,I0
4264,I0
4265,I0
4266,I0
4267,I0
4268,I0
4269,I0
4270,I0
4271,I0
4272,I0
4273,I0
4274,I0
4275,I0
4276,I0
4277,I0
4278,I0
4279,I0
4280,I0
4281,I0
4282,I0
4283,I0
4284,I0
4285,I0
4286,I0
4287,I0
4288,I0
4289,I0
4290,I0
4291,I0
4292,I0
4293,I0
4294,I0
4295,I0
4296,I0
4297,I0
4298,I0
4299,I0
4300,I0
4301,I0
4302,I0
4303,I0
4304,I0
4305,I0
4306,I0
4307,I0
4308,I0
4309,I0
4310,I0
4311,I0
4312,I0
4313,I0
4314,I0
4315,I0
4316,I0
4317,I0
4318,I0
4319,I0
4320,I0
4321,I0
4322,I0
4323,I0
4324,I0
4325,I0
4326,I0
4327,I0
4328,I0
4329,I0
4330,I0
4331,I0
4332,I0
4333,I0
4334,I0
4335,I0
4336,I0
4337,I0
4338,I0
4339,I0
4340,I0
4341,I0
4342,I0
4343,I0
4344,I0
4345,I0
4346,I0
4347,I0
4348,I0
4349,I0
4350,I0
4351,I0
4352,I0
4353,I0
4354,I0
4355,I0
4356,I0
4357,I0
4358,I0
4359,I0
4360,I0
4361,I0
4362,I0
4363,I0
4364,I0
4365,I0
4366,I0
4367,I0
4368,I0
4369,I0
4370,I0
4371,I0
4372,I0
4373,I0
4374,I0
4375,I0
4376,I0
4377,I0
4378,I0
4379,I0
4380,I0
4381,I0
4382,I0
4383,I0
4384,I0
4385,I0
4386,I0
4387,I0
4388,I0
4389,I0
4390,I0
4391,I0
4392,I0
4393,I0
4394,I0
4395,I0
4396,I0
4397,I0
4398,I0
4399,I0
4400,I0
4401,I0
4402,I0
4403,I0
4404,I0
4405,I0
4406,I0
4407,I0
4408,I0
4409,I0
4410,I0
4411,I0
4412,I0
4413,I0
4414,I0
4415,I0
4416,I0
4417,I0
4418,I0
4419,I0
4420,I0
4421,I0
4422,I0
4423,I0
4424,I0
4425,I0
4426,I0
4427,I0
4428,I0
4429,I0
4430,I0
4431,I0
4432,I0
4433,I0
4434,I0
4435,I0
4436,I0
4437,I0
4438,I0
4439,I0
4440,I0
4441,I0
4442,I0
4443,I0
4444,I0
4445,I0
4446,I0
4447,I0
4448,I0
4449,I0
4450,I0
4451,I0
4452,I0
4453,I0
4454,I0
4455,I0
4456,I0
4457,I0
4458,I0
4459,I0
4460,I0
4461,I0
4462,I0
4463,I0
4464,I0
4465,I0
4466,I0
4467,I0
4468,I0
4469,I0
4470,I0
4471,I0
4472,I0
4473,I0
4474,I0
4475,I0
4476,I0
4477,I0
4478,I0
4479,I0
4480,I0
4481,I0
4482,I0
4483,I0
4484,I0
4485,I0
4486,I0
4487,I0
4488,I0
4489,I0
4490,I0
4491,I0
4492,I0
4493,I0
4494,I0
4495,I0
4496,I0
4497,I0
4498,I0
4499,I0
4500,I0
4501,I0
4502,I0
4503,I0
4504,I0
4505,I0
4506,I0
4507,I0
4508,I0
4509,I0
4510,I0
4511,I0
4512,I0
4513,I0
4514,I0
4515,I0
4516,I0
4517,I0
4518,I0
4519,I0
4520,I0
4521,I0
4522,I0
4523,I0
4524,I0
4525,I0
4526,I0
4527,I0
4528,I0
4529,I0
4530,I0
4531,I0
4532,I0
4533,I0
4534,I0
4535,I0
4536,I0
4537,I0
4538,I0
4539,I0
4540,I0
4541,I0
4542,I0
4543,I0
4544,I0
4545,I0
4546,I0
4547,I0
4548,I0
4549,I0
4550,I0
4551,I0
4552,I0
4553,I0
4554,I0
4555,I0
4556,I0
4557,I0
4558,I0
4559,I0
4560,I0
4561,I0
4562,I0
4563,I0
4564,I0
4565,I0
4566,I0
4567,I0
4568,I0
4569,I0
4570,I0
4571,I0
4572,I0
4573,I0
4574,I0
4575,I0
4576,I0
4577,I0
4578,I0
4579,I0
4580,I0
4581,I0
4582,I0
4583,I0
4584,I0
4585,I0
4586,I0
4587,I0
4588,I0
4589,I0
4590,I0
4591,I0
4592,I0
4593,I0
4594,I0
4595,I0
4596,I0
4597,I0
4598,I0
4599,I0
4600,I0
4601,I0
4602,I0
4603,I0
4604,I0
4605,I0
4606,I0
4607,I0
4608,I0
4609,I0
4610,I0
4611,I0
4612,I0
4613,I0
4614,I0
4615,I0
4616,I0
4617,I0
4618,I0
4619,I0
4620,I0
4621,I0
4622,I0
4623,I0
4624,I0
4625,I0
4626,I0
4627,I0
4628,I0
4629,I0
4630,I0
4631,I0
4632,I0
4633,I0
4634,I0
4635,I0
4636,I0
4637,I0
4638,I0
4639,I0
4640,I0
4641,I0
4642,I0
4643,I0
4644,I0
4645,I0
4646,I0
4647,I0
4648,I0
4649,I0
4650,I0
4651,I0
4652,I0
4653,I0
4654,I0
4655,I0
4656,I0
4657,I0
4658,I0
4659,I0
4660,I0
4661,I0
4662,I0
4663,I0
4664,I0
4665,I0
4666,I0
4667,I0
4668,I0
4669,I0
4670,I0
4671,I0
4672,I0
4673,I0
4674,I0
4675,I0
4676,I0
4677,I0
4678,I0
4679,I0
4680,I0
4681,I0
4682,I0
4683,I0
4684,I0
4685,I0
4686,I0
4687,I0
4688,I0
4689,I0
4690,I0
4691,I0
4692,I0
4693,I0
4694,I0
4695,I0
4696,I0
4697,I0
4698,I0
4699,I0
4700,I0
4701,I0
4702,I0
4703,I0
4704,I0
4705,I0
4706,I0
4707,I0
4708,I0
4709,I0
4710,I0
4711,I0
4712,I0
4713,I0
4714,I0
4715,I0
4716,I0
4717,I0
4718,I0
4719,I0
4720,I0
4721,I0
4722,I0
4723,I0
4724,I0
4725,I0
4726,I0
4727,I0
4728,I0
4729,I0
4730,I0
4731,I0
4732,I0
4733,I0
4734,I0
4735,I0
4736,I0
4737,I0
4738,I0
4739,I0
4740,I0
4741,I0
4742,I0
4743,I0
4744,I0
4745,I0
4746,I0
4747,I0
4748,I0
4749,I0
4750,I0
4751,I0
4752,I0
4753,I0
4754,I0
4755,I0
4756,I0
4757,I0
4758,I0
4759,I0
4760,I0
4761,I0
4762,I0
4763,I0
4764,I0
4765,I0
4766,I0
4767,I0
4768,I0
4769,I0
4770,I0
4771,I0
4772,I0
4773,I0
4774,I0
4775,I0
4776,I0
4777,I0
4778,I0
4779,I0
4780,I0
4781,I0
4782,I0
4783,I0
4784,I0
4785,I0
4786,I0
4787,I0
4788,I0
4789,I0
4790,I0
4791,I0
4792,I0
4793,I0
4794,I0
4795,I0
4796,I0
4797,I0
4798,I0
4799,I0
4800,I0
4801,I0
4802,I0
4803,I0
4804,I0
4805,I0
4806,I0
4807,I0
4808,I0
4809,I0
4810,I0
4811,I0
4812,I0
4813,I0
4814,I0
4815,I0
4816,I0
4817,I0
4818,I0
4819,I0
4820,I0
4821,I0
4822,I0
4823,I0
4824,I0
4825,I0
4826,I0
4827,I0
4828,I0
4829,I0
4830,I0
4831,I0
4832,I0
4833,I0
4834,I0
4835,I0
4836,I0
4837,I0
4838,I0
4839,I0
4840,I0
4841,I0
4842,I0
4843,I0
4844,I0
4845,I0
4846,I0
4847,I0
4848,I0
4849,I0
4850,I0
4851,I0
4852,I0
4853,I0
4854,I0
4855,I0
4856,I0
4857,I0
4858,I0
4859,I0
4860,I0
4861,I0
4862,I0
4863,I0
4864,I0
4865,I0
4866,I0
4867,I0
4868,I0
4869,I0
4870,I0
4871,I0
4872,I0
4873,I0
4874,I0
4875,I0
4876,I0
4877,I0
4878,I0
4879,I0
4880,I0
4881,I0
4882,I0
4883,I0
4884,I0
4885,I0
4886,I0
4887,I0
4888,I0
4889,I0
4890,I0
4891,I0
4892,I0
4893,I0
4894,I0
4895,I0
4896,I0
4897,I0
4898,I0
4899,I0
4900,I0
4901,I0
4902,I0
4903,I0
4904,I0
4905,I0
4906,I0
4907,I0
4908,I0
4909,I0
4910,I0
4911,I0
4912,I0
4913,I0
4914,I0
4915,I0
4916,I0
4917,I0
4918,I0
4919,I0
4920,I0
4921,I0
4922,I0
4923,I0
4924,I0
4925,I0
4926,I0
4927,I0
4928,I0
4929,I0
4930,I0
4931,I0
4932,I0
4933,I0
4934,I0
4935,I0
4936,I0
4937,I0
4938,I0
4939,I0
4940,I0
4941,I0
4942,I0
4943,I0
4944,I0
4945,I0
4946,I0
4947,I0
4948,I0
4949,I0
4950,I0
4951,I0
4952,I0
4953,I0
4954,I0
4955,I0
4956,I0
4957,I0
4958,I0
4959,I0
4960,I0
4961,I0
4962,I0
4963,I0
4964,I0
4965,I0
4966,I0
4967,I0
4968,I0
4969,I0
4970,I0
4971,I0
4972,I0
4973,I0
4974,I0
4975,I0
4976,I0
4977,I0
4978,I0
4979,I0
4980,I0
4981,I0
4982,I0
4983,I0
4984,I0
4985,I0
4986,I0
4987,I0
4988,I0
4989,I0
4990,I0
4991,I0
4992,I0
4993,I0
4994,I0
4995,I0
4996,I0
4997,I0
4998,I0
4999,I0
5000,I0
5001,I0
5002,I0
5003,I0
5004,I0
5005,I0
5006,I0
5007,I0
5008,I0
5009,I0
5010,I0
5011,I0
3305,I0
5012,I0
5013,I0
5014,I0
5015,I0
5016,I0
5017,I0
5018,I0
5019,I0
5020,I0
5021,I0
5022,I0
5023,I0
5024,I0
5025,I0
5026,I0
5027,I0
5028,I0
5029,I0
5030,I0
5031,I0
5032,I0
5033,I0
5034,I0
5035,I0
5036,I0
5037,I0
5038,I0
5039,I0
5040,I0
5041,I0
5042,I0
5043,I0
5044,I0
5045,I0
5046,I0
5047,I0
5048,I0
5049,I0
5050,I0
5051,I0
5052,I0
5053,I0
5054,I0
5055,I0
5056,I0
5057,I0
5058,I0
5059,I0
5060,I0
5061,I0
5062,I0
5063,I0
5064,I0
5065,I0
5066,I0
5067,I0
5068,I0
5069,I0
5070,I0
5071,I0
5072,I0
5073,I0
5074,I0
5075,I0
5076,I0
5077,I0
5078,I0
5079,I0
5080,I0
5081,I0
5082,I0
5083,I0
5084,I0
5085,I0
5086,I0
5087,I0
5088,I0
5089,I0
5090,I0
5091,I0
5092,I0
5093,I0
5094,I0
5095,I0
5096,I0
5097,I0
5098,I0
5099,I0
5100,I0
5101,I0
5102,I0
5103,I0
5104,I0
5105,I0
5106,I0
5107,I0
5108,I0
5109,I0
5110,I0
5111,I0
5112,I0
5113,I0
5114,I0
5115,I0
5116,I0
5117,I0
5118,I0
5119,I0
5120,I0
5121,I0
5122,I0
5123,I0
5124,I0
5125,I0
5126,I0
5127,I0
5128,I0
5129,I0
5130,I0
5131,I0
5132,I0
5133,I0
5134,I0
5135,I0
5136,I0
5137,I0
5138,I0
5139,I0
5140,I0
5141,I0
5142,I0
5143,I0
5144,I0
5145,I0
5146,I0
5147,I0
5148,I0
5149,I0
5150,I0
5151,I0
5152,I0
5153,I0
5154,I0
5155,I0
5156,I0
5157,I0
5158,I0
5159,I0
5160,I0
5161,I0
5162,I0
5163,I0
5164,I0
5165,I0
5166,I0
5167,I0
5168,I0
5169,I0
5170,I0
5171,I0
5172,I0
5173,I0
5174,I0
5175,I0
5176,I0
5177,I0
5178,I0
5179,I0
5180,I0
5181,I0
5182,I0
5183,I0
5184,I0
5185,I0
5186,I0
5187,I0
5188,I0
5189,I0
5190,I0
5191,I0
5192,I0
5193,I0
5194,I0
5195,I0
5196,I0
5197,I0
5198,I0
5199,I0
5200,I0
5201,I0
5202,I0
5203,I0
5204,I0
5205,I0
5206,I0
5207,I0
5208,I0
5209,I0
5210,I0
5211,I0
5212,I0
5213,I0
5214,I0
5215,I0
5216,I0
5217,I0
5218,I0
5219,I0
5220,I0
5221,I0
5222,I0
5223,I0
5224,I0
5225,I0
5226,I0
5227,I0
5228,I0
5229,I0
5230,I0
5231,I0
5232,I0
5233,I0
5234,I0
5235,I0
5236,I0
5237,I0
5238,I0
5239,I0
5240,I0
5241,I0
5242,I0
5243,I0
5244,I0
5245,I0
5246,I0
5247,I0
5248,I0
5249,I0
5250,I0
5251,I0
5252,I0
5253,I0
5254,I0
5255,I0
5256,I0
5257,I0
5258,I0
5259,I0
5260,I0
5261,I0
5262,I0
5263,I0
5264,I0
5265,I0
5266,I0
5267,I0
5268,I0
5269,I0
5270,I0
5271,I0
5272,I0
5273,I0
5274,I0
5275,I0
5276,I0
5277,I0
5278,I0
5279,I0
5280,I0
5281,I0
5282,I0
5283,I0
5284,I0
5285,I0
5286,I0
5287,I0
5288,I0
5289,I0
5290,I0
5291,I0
5292,I0
5293,I0
5294,I0
5295,I0
5296,I0
5297,I0
5298,I0
5299,I0
5300,I0
5301,I0
5302,I0
5303,I0
5304,I0
5305,I0
5306,I0
5307,I0
5308,I0
5309,I0
5310,I0
5311,I0
5312,I0
5313,I0
5314,I0
5315,I0
5316,I0
5317,I0
5318,I0
5319,I0
5320,F0
5321,F0
5322,F0
5323,F0
5324,F0
5325,F0
5326,F0
5327,F0
5328,F0
5329,F0
5330,F0
5331,F0
5332,F0
5333,F0
5334,F0
5335,F0
5336,F0
5337,F0
5338,F0
5339,F0
5340,F0
5341,F0
5342,F0
5343,F0
5344,F0
5345,F0
5346,F0
5347,F0
5348,F0
5349,F0
5350,F0
5351,F0
5352,F0
5353,F0
5354,F0
5355,F0
5356,F0
5357,F0
5358,F0
5359,F0
5360,F0
5361,F0
5362,F0
5363,F0
5364,F0
5365,F0
5366,F0
5367,F0
5368,F0
5369,F0
5370,F0
5371,F0
5372,F0
5373,F0
5374,F0
5375,F0
5376,F0
5377,F0
5378,F0
5379,F0
5380,F0
5381,F0
5382,F0
5383,F0
5384,F0
5385,F0
5386,F0
5387,F0
5388,F0
5389,F0
5390,F0
5391,F0
5392,F0
5393,F0
5394,F0
5395,F0
5396,F0
5397,F0
5398,F0
5399,F0
5400,F0
5401,F0
5402,F0
5403,F0
5404,F0
5405,F0
5406,F0
5407,F0
5408,F0
5409,F0
5410,F0
5411,F0
5412,F0
5413,F0
5414,F0
5415,F0
5416,F0
5417,F0
5418,F0
5419,F0
5420,F0
5421,F0
5422,F0
5423,F0
5424,F0
5425,F0
5426,F0
5427,F0
5428,F0
5429,F0
5430,F0
5431,F0
5432,F0
5433,F0
5434,F0
5435,F0
5436,F0
5437,F0
5438,F0
5439,F0
5440,F0
5441,F0
5442,F0
5443,F0
5444,F0
5445,F0
5446,F0
5447,F0
5448,F0
5449,F0
5450,F0
5451,F0
5452,F0
5453,F0
5454,F0
5455,F0
5456,F0
5457,F0
5458,F0
5459,F0
5460,F0
5461,F0
5462,F0
5463,F0
5464,F0
5465,F0
5466,F0
5467,F0
5468,F0
5469,F0
5470,F0
5471,F0
5472,F0
5473,F0
5474,F0
5475,F0
5476,F0
5477,F0
5478,F0
5479,F0
5480,F0
5481,F0
5482,F0
5483,F0
5484,F0
5485,F0
5486,F0
5487,F0
5488,F0
5489,F0
5490,F0
5491,F0
5492,F0
5493,F0
5494,F0
5495,F0
5496,F0
5497,F0
5498,F0
5499,F0
5500,F0
5501,F0
5502,F0
5503,F0
5504,F0
5505,F0
5506,F0
5507,F0
5508,F0
5509,F0
5510,F0
5511,F0
5512,F0
5513,F0
5514,F0
5515,F0
5516,F0
5517,F0
5518,F0
5519,F0
5520,F0
5521,F0
5522,F0
5523,F0
5524,F0
5525,F0
5526,F0
5527,F0
5528,F0
5529,F0
5530,F0
5531,F0
5532,F0
5533,F0
5534,F0
5535,F0
5536,F0
5537,F0
5538,F0
5539,F0
5540,F0
5541,F0
5542,F0
5543,F0
5544,F0
5545,F0
5546,F0
5547,F0
5548,F0
5549,F0
5550,F0
5551,F0
5552,F0
5553,F0
5554,F0
5555,F0
5556,F0
5557,F0
5558,F0
5559,F0
5560,F0
5561,F0
5562,F0
5563,F0
5564,F0
5565,F0
5566,F0
5567,F0
5568,F0
5569,F0
5570,F0
5571,F0
5572,F0
5573,F0
5574,F0
5575,F0
5576,F0
5577,F0
5578,F0
5579,F0
5580,F0
5581,F0
5582,F0
5583,F0
5584,F0
5585,F0
5586,F0
5587,F0
5588,F0
5589,F0
5590,F0
5591,F0
5592,F0
5593,F0
5594,F0
5595,F0
5596,F0
5597,F0
5598,F0
5599,F0
5600,F0
5601,F0
5602,F0
5603,F0
5604,F0
5605,F0
5606,F0
5607,F0
5608,F0
5609,F0
5610,F0
5611,F0
5612,F0
5613,F0
5614,E0
5615,E0
5616,E0
5617,E0
5618,E0
5619,E0
5620,E0
5621,E0
5622,E0
5623,E0
5624,E0
5625,E0
5626,E0
5627,E0
5628,E0
5629,E0
5630,E0
5631,E0
5632,E0
5633,E0
5634,E0
5635,E0
5636,E0
5637,E0
5638,E0
5639,E0
5640,E0
5641,E0
5642,E0
5643,E0
5644,E0
5645,E0
5646,E0
5647,E0
5648,E0
5649,E0
5650,E0
5651,E0
5652,E0
5653,E0
5654,E0
5655,E0
5656,E0
5657,E0
5658,E0
5659,E0
5660,E0
5661,E0
5662,E0
5663,E0
5664,E0
5665,E0
5666,E0
5667,E0
5668,E0
5669,E0
5670,E0
5671,E0
5672,E0
5673,E0
5674,E0
5675,E0
5676,E0
5677,E0
5678,E0
5679,E0
5680,E0
5681,E0
5682,E0
5683,E0
5684,E0
5685,E0
5686,E0
5687,E0
5688,E0
5689,E0
5690,E0
5691,E0
5692,E0
5693,E0
5694,E0
5695,E0
5696,E0
5697,E0
5698,E0
5699,E0
5700,E0
5701,E0
5702,E0
5703,E0
5704,E0
5705,E0
5706,E0
5707,E0
5708,E0
5709,E0
5710,E0
5711,E0
5712,E0
5713,E0
5714,E0
5715,E0
5716,E0
5717,E0
5718,E0
5719,E0
5720,E0
5721,E0
5722,E0
5723,E0
5724,E0
5725,E0
5726,E0
5727,E0
5728,E0
5729,E0
5730,E0
5731,E0
5732,E0
5733,E0
5734,E0
5735,E0
5736,E0
5737,E0
5738,E0
5739,E0
5740,E0
5741,E0
5742,E0
5743,E0
5744,E0
5745,E0
5746,E0
5747,E0
5748,E0
5749,E0
5750,E0
5751,E0
5752,E0
5753,E0
5754,E0
5755,E0
5756,E0
5757,E0
5758,E0
5759,E0
5760,E0
5761,E0
5762,E0
5763,E0
5764,E0
5765,E0
5766,E0
5767,E0
5768,E0
5769,E0
5770,E0
5771,E0
5772,E0
5773,E0
5774,E0
5775,E0
5776,E0
5777,E0
5778,E0
5779,E0
5780,E0
5781,E0
5782,E0
5783,E0
5784,E0
5785,E0
5786,E0
5787,E0
5788,E0
5789,E0
5790,E0
5791,E0
5792,E0
5793,E0
5794,E0
5795,E0
5796,E0
5797,E0
5798,E0
5799,E0
5800,E0
5801,E0
5802,E0
5803,E0
5804,E0
5805,E0
5806,E0
5807,E0
5808,E0
5809,E0
5810,E0
5811,E0
5812,E0
5813,E0
5814,E0
5815,E0
5816,E0
5817,E0
5818,E0
5819,E0
5820,E0
5821,E0
5822,E0
5823,E0
5824,E0
5825,E0
5826,E0
5827,E0
5828,E0
5829,E0
5830,E0
5831,E0
5832,E0
5833,E0
5834,E0
5835,E0
5836,E0
5837,E0
5838,E0
5839,E0
5840,E0
5841,E0
5842,E0
5843,E0
5844,E0
5845,E0
5846,E0
5847,E0
5848,E0
5849,E0
5850,E0
5851,E0
5852,E0
5853,E0
5854,E0
5855,E0
5856,E0
5857,E0
5858,E0
5859,E0
5860,E0
5861,E0
5862,E0
5863,E0
5864,E0
5865,E0
5866,E0
5867,E0
5868,E0
5869,E0
5870,E0
5871,E0
5872,E0
5873,E0
5874,E0
5875,E0
5876,E0
5877,E0
5878,E0
5879,E0
5880,E0
5881,E0
5882,E0
5883,E0
5884,E0
5885,E0
5886,E0
5887,E0
5888,E0
5889,E0
5890,E0
5891,E0
5892,E0
5893,E0
5894,E0
5895,E0
5896,E0
5897,E0
5898,E0
5899,E0
5900,E0
5901,E0
5902,E0
5903,E0
5904,E0
5905,E0
5906,E0
5907,E0
5908,E0
5909,E0
5910,E0
5911,E0
5912,E0
5913,E0
5914,E0
5915,E0
5916,E0
5917,E0
5918,E0
5919,E0
5920,E0
5921,E0
5922,E0
5923,E0
5924,E0
5925,E0
5926,E0
5927,E0
5928,E0
5929,E0
5930,E0
5931,E0
5932,E0
5933,E0
5934,E0
5935,E0
5936,E0
5937,E0
5938,E0
5939,E0
5940,E0
5941,E0
5942,E0
5943,E0
5944,E0
5945,E0
5946,E0
5947,E0
5948,E0
5949,E0
5950,E0
5951,E0
5952,E0
5953,E0
5954,E0
5955,E0
5956,E0
5957,E0
5958,E0
5959,E0
5960,E0
5961,E0
5962,E0
5963,E0
5964,E0
5965,E0
5966,E0
5967,E0
5968,E0
5969,E0
5970,E0
5971,E0
5972,E0
5973,E0
5974,E0
5975,E0
5976,E0
5977,E0
5978,E0
5979,E0
5980,E0
5981,E0
5982,E0
5983,E0
5984,E0
5985,E0
5986,E0
5987,E0
5988,E0
5989,E0
5990,E0
5991,E0
5992,E0
5993,E0
5994,E0
5995,E0
5996,E0
5997,E0
5998,E0
5999,E0
6000,E0
6001,E0
6002,E0
6003,E0
6004,E0
6005,E0
6006,E0
6007,E0
6008,E0
6009,E0
6010,E0
6011,E0
6012,E0
6013,E0
6014,E0
6015,E0
6016,E0
6017,E0
6018,E0
6019,E0
6020,E0
6021,E0
6022,E0
6023,E0
6024,E0
6025,E0
6026,E0
6027,E0
6028,E0
6029,E0
6030,E0
6031,E0
6032,E0
6033,E0
6034,E0
6035,E0
6036,E0
6037,E0
6038,E0
6039,E0
6040,E0
6041,E0
6042,E0
6043,E0
6044,E0
6045,E0
6046,E0
6047,E0
6048,E0
6049,E0
6050,E0
6051,E0
6052,E0
6053,E0
6054,E0
6055,E0
6056,E0
6057,E0
6058,E0
6059,E0
6060,E0
6061,E0
6062,E0
6063,E0
6064,E0
6065,E0
6066,E0
6067,E0
6068,E0
6069,E0
6070,E0
6071,E0
6072,E0
6073,E0
6074,E0
6075,E0
6076,E0
6077,E0
6078,E0
6079,E0
6080,E0
6081,E0
6082,E0
6083,E0
6084,E0
6085,E0
6086,E0
6087,E0
6088,E0
6089,E0
6090,E0
6091,E0
6092,E0
6093,E0
6094,E0
6095,E0
6096,E0
6097,E0
6098,E0
6099,E0
6100,E0
6101,E0
6102,E0
6103,E0
6104,E0
6105,E0
6106,E0
6107,E0
6108,E0
6109,E0
6110,E0
6111,E0
6112,E0
6113,E0
6114,E0
6115,E0
6116,E0
6117,E0
6118,E0
6119,E0
6120,E0
6121,E0
6122,E0
6123,E0
6124,E0
6125,E0
6126,E0
6127,E0
6128,E0
6129,E0
6130,E0
6131,E0
6132,E0
6133,E0
6134,E0
6135,E0
6136,E0
6137,E0
6138,E0
6139,E0
6140,E0
6141,E0
6142,E0
6143,E0
6144,E0
6145,E0
6146,E0
6147,E0
6148,E0
6149,E0
6150,E0
6151,E0
6152,E0
6153,E0
6154,E0
6155,E0
6156,E0
6157,E0
6158,E0
6159,E0
6160,E0
6161,E0
6162,E0
6163,E0
6164,E0
6165,E0
6166,E0
6167,E0
6168,E0
6169,E0
6170,E0
6171,E0
6172,E0
6173,E0
6174,E0
6175,E0
6176,E0
6177,E0
6178,E0
6179,E0
6180,E0
6181,E0
6182,E0
6183,E0
6184,E0
6185,E0
6186,E0
6187,E0
6188,E0
6189,E0
6190,E0
6191,E0
6192,E0
6193,E0
6194,E0
6195,E0
6196,E0
6197,E0
6198,E0
6199,E0
6200,E0
6201,E0
6202,E0
6203,E0
6204,E0
6205,E0
6206,E0
6207,E0
6208,E0
6209,E0
6210,E0
6211,E0
6212,E0
6213,E0
6214,E0
6215,E0
6216,E0
6217,E0
6218,E0
6219,E0
6220,E0
6221,E0
6222,E0
6223,E0
6224,E0
6225,E0
6226,E0
6227,E0
6228,E0
6229,E0
6230,E0
6231,E0
6232,E0
6233,E0
6234,E0
6235,E0
6236,E0
6237,E0
6238,E0
6239,E0
6240,E0
6241,E0
6242,E0
6243,E0
6244,E0
6245,E0
6246,E0
6247,E0
6248,E0
6249,E0
6250,E0
6251,E0
6252,E0
6253,E0
6254,E0
6255,E0
6256,E0
6257,E0
6258,E0
6259,E0
6260,E0
6261,E0
6262,E0
6263,E0
6264,E0
6265,E0
6266,E0
6267,E0
6268,E0
6269,E0
6270,E0
6271,E0
6272,E0
6273,E0
6274,E0
6275,E0
6276,E0
6277,E0
6278,E0
6279,E0
6280,E0
6281,E0
6282,E0
6283,E0
6284,E0
6285,E0
6286,E0
6287,E0
6288,E0
6289,E0
6290,E0
6291,E0
6292,E0
6293,E0
6294,E0
6295,E0
6296,E0
6297,E0
6298,E0
6299,E0
6300,E0
6301,E0
6302,E0
6303,E0
6304,E0
6305,E0
6306,E0
6307,E0
6308,E0
6309,E0
6310,E0
6311,E0
6312,E0
6313,E0
6314,E0
6315,E0
6316,E0
6317,E0
6318,E0
6319,E0
6320,E0
6321,E0
6322,E0
6323,E0
6324,E0
6325,E0
6326,E0
6327,E0
6328,E0
6329,E0
6330,E0
6331,E0
6332,E0
6333,E0
6334,E0
6335,E0
6336,E0
6337,E0
6338,E0
6339,E0
6340,E0
6341,E0
6342,E0
6343,E0
6344,E0
6345,E0
6346,E0
6347,E0
6348,E0
6349,E0
6350,E0
6351,E0
6352,E0
6353,E0
6354,E0
6355,E0
6356,E0
6357,E0
6358,E0
6359,E0
6360,E0
6361,E0
6362,E0
6363,E0
6364,E0
6365,E0
6366,E0
6367,E0
6368,E0
6369,E0
6370,E0
6371,E0
6372,E0
6373,E0
6374,E0
6375,E0
6376,E0
6377,E0
6378,E0
6379,E0
6380,E0
6381,E0
6382,E0
6383,E0
6384,E0
6385,E0
6386,E0
6387,E0
6388,E0
6389,E0
6390,E0
6391,E0
6392,E0
6393,E0
6394,E0
6395,E0
6396,E0
6397,E0
6398,E0
6399,E0
6400,E0
6401,E0
6402,E0
6403,E0
6404,E0
6405,E0
6406,E0
6407,E0
6408,E0
6409,E0
6410,E0
6411,E0
6412,E0
6413,E0
6414,E0
6415,E0
6416,E0
6417,E0
6418,E0
6419,E0
6420,E0
6421,E0
6422,E0
6423,E0
6424,E0
6425,E0
6426,E0
6427,E0
6428,E0
6429,E0
6430,E0
6431,E0
6432,E0
6433,E0
6434,E0
6435,E0
6436,E0
6437,E0
6438,E0
6439,E0
6440,E0
6441,E0
6442,E0
6443,E0
6444,E0
6445,E0
6446,E0
6447,E0
6448,E0
6449,E0
6450,E0
6451,E0
6452,E0
6453,E0
6454,E0
6455,E0
6456,E0
6457,E0
6458,E0
6459,E0
6460,E0
6461,E0
6462,E0
6463,E0
6464,E0
6465,E0
6466,E0
6467,E0
6468,E0
6469,E0
6470,E0
6471,E0
6472,E0
6473,E0
6474,E0
6475,E0
6476,E0
6477,E0
6478,E0
6479,E0
6480,E0
6481,E0
6482,E0
6483,E0
6484,E0
6485,E0
6486,E0
6487,E0
6488,E0
6489,E0
6490,E0
6491,E0
6492,E0
6493,E0
6494,E0
6495,E0
6496,E0
6497,E0
6498,E0
6499,E0
6500,E0
6501,E0
6502,E0
6503,E0
6504,E0
6505,E0
6506,E0
6507,E0
6508,E0
6509,E0
6510,E0
6511,E0
6512,E0
6513,E0
6514,E0
6515,E0
6516,E0
6517,E0
6518,E0
6519,E0
6520,E0
6521,E0
6522,E0
6523,E0
6524,E0
6525,E0
6526,E0
6527,E0
6528,E0
6529,E0
6530,E0
6531,E0
6532,E0
6533,E0
6534,E0
6535,E0
6536,E0
6537,E0
6538,E0
6539,E0
6540,E0
6541,E0
6542,E0
6543,E0
6544,E0
6545,E0
6546,E0
6547,E0
6548,E0
6549,E0
6550,E0
6551,E0
6552,E0
6553,E0
6554,E0
6555,E0
6556,E0
6557,E0
6558,E0
6559,E0
6560,E0
6561,E0
6562,E0
6563,E0
6564,E0
6565,E0
6566,E0
6567,E0
6568,E0
6569,E0
6570,E0
6571,E0
6572,E0
6573,E0
6574,E0
6575,E0
6576,E0
6577,E0
6578,E0
6579,E0
6580,E0
6581,E0
6582,E0
6583,E0
6584,E0
6585,E0
6586,E0
6587,E0
6588,E0
6589,E0
6590,E0
6591,E0
6592,E0
6593,E0
6594,E0
6595,E0
6596,E0
6597,E0
6598,E0
6599,E0
6600,E0
6601,E0
6602,E0
6603,E0
6604,E0
6605,E0
6606,E0
6607,E0
6608,E0
6609,E0
6610,E0
6611,E0
6612,E0
6613,E0
6614,E0
6615,E0
6616,E0
6617,E0
6618,E0
6619,E0
6620,E0
6621,E0
6622,E0
6623,E0
6624,E0
6625,E0
6626,E0
6627,E0
6628,E0
6629,E0
6630,E0
6631,E0
6632,E0
6633,E0
6634,E0
6635,E0
6636,E0
6637,E0
6638,E0
6639,E0
6640,E0
6641,E0
6642,E0
6643,E0
6644,E0
6645,E0
6646,E0
6647,E0
6648,E0
6649,E0
6650,E0
6651,E0
6652,E0
6653,E0
6654,E0
6655,E0
6656,E0
6657,E0
6658,E0
6659,E0
6660,E0
6661,E0
6662,E0
6663,E0
6664,E0
6665,E0
6666,E0
6667,E0
6668,E0
6669,E0
6670,E0
6671,E0
6672,E0
6673,E0
6674,E0
6675,E0
6676,E0
6677,E0
6678,E0
6679,E0
6680,E0
6681,E0
6682,E0
6683,E0
6684,E0
6685,E0
6686,E0
6687,E0
6688,E0
6689,E0
6690,E0
6691,E0
6692,E0
6693,E0
6694,E0
6695,E0
6696,E0
6697,E0
6698,E0
6699,E0
6700,E0
6701,E0
6702,E0
6703,E0
6704,E0
6705,E0
6706,E0
6707,E0
6708,E0
6709,E0
6710,E0
6711,E0
6712,E0
6713,E0
6714,E0
6715,E0
6716,E0
6717,E0
6718,E0
6719,E0
6720,E0
6721,E0
6722,E0
6723,E0
6724,E0
6725,E0
6726,E0
6727,E0
6728,E0
6729,E0
6730,E0
6731,E0
6732,E0
6733,E0
6734,E0
6735,E0
6736,E0
6737,E0
6738,E0
6739,E0
6740,E0
6741,E0
6742,E0
6743,E0
6744,E0
6745,E0
6746,E0
6747,E0
6748,E0
6749,E0
6750,E0
6751,E0
6752,E0
6753,E0
6754,E0
6755,E0
6756,E0
6757,E0
6758,E0
6759,E0
6760,E0
6761,E0
6762,E0
6763,E0
6764,E0
6765,E0
6766,E0
6767,E0
6768,E0
6769,E0
6770,E0
6771,E0
6772,E0
6773,E0
6774,E0
6775,E0
6776,E0
6777,E0
6778,E0
6779,E0
6780,E0
6781,E0
6782,E0
6783,E0
6784,E0
6785,E0
6786,E0
6787,E0
6788,E0
6789,E0
6790,E0
6791,E0
6792,E0
6793,E0
6794,E0
6795,E0
6796,E0
6797,E0
6798,E0
6799,E0
6800,E0
6801,E0
6802,E0
6803,E0
6804,E0
6805,E0
6806,E0
6807,E0
6808,E0
6809,E0
6810,E0
6811,E0
6812,E0
6813,E0
6814,E0
6815,E0
6816,E0
6817,E0
6818,E0
6819,E0
6820,E0
6821,E0
6822,E0
6823,E0
6824,E0
6825,E0
6826,E0
6827,E0
6828,E0
6829,E0
6830,E0
6831,E0
6832,E0
6833,E0
6834,E0
6835,E0
6836,E0
6837,E0
6838,E0
6839,E0
6840,E0
6841,E0
6842,E0
6843,E0
6844,E0
6845,E0
6846,E0
6847,E0
6848,E0
6849,E0
6850,E0
6851,E0
6852,E0
6853,E0
6854,E0
6855,E0
6856,E0
6857,E0
6858,E0
6859,E0
6860,E0
6861,E0
6862,E0
6863,E0
6864,E0
6865,E0
6866,E0
6867,E0
6868,E0
6869,E0
6870,E0
6871,E0
6872,E0
6873,E0
6874,E0
6875,E0
6876,E0
6877,E0
6878,E0
6879,E0
6880,E0
6881,E0
6882,E0
6883,E0
6884,E0
6885,E0
6886,E0
6887,E0
6888,E0
6889,E0
6890,E0
6891,E0
6892,E0
6893,E0
6894,E0
6895,E0
6896,E0
6897,E0
6898,E0
6899,E0
6900,E0
6901,E0
6902,E0
6903,E0
6904,E0
6905,E0
6906,E0
6907,E0
6908,E0
6909,E0
6910,E0
6911,E0
6912,E0
6913,E0
6914,E0
6915,E0
6916,E0
6917,E0
6918,E0
6919,E0
6920,E0
6921,E0
6922,E0
6923,E0
6924,E0
6925,E0
6926,E0
6927,E0
6928,E0
6929,E0
6930,E0
6931,E0
6932,E0
6933,E0
6934,E0
6935,E0
6936,E0
6937,E0
6938,E0
6939,E0
6940,E0
6941,E0
6942,E0
6943,E0
6944,E0
6945,E0
6946,E0
6947,E0
6948,E0
6949,E0
6950,E0
6951,E0
6952,E0
6953,E0
6954,E0
6955,E0
6956,E0
6957,E0
6958,E0
6959,E0
6960,E0
6961,E0
6962,E0
6963,E0
6964,E0
6965,E0
6966,E0
6967,E0
6968,E0
6969,E0
6970,E0
6971,E0
6972,E0
6973,E0
6974,E0
6975,E0
6976,E0
6977,E0
6978,E0
6979,E0
6980,E0
6981,E0
6982,E0
6983,E0
6984,E0
6985,E0
6986,E0
6987,E0
6988,E0
6989,E0
6990,E0
6991,E0
6992,E0
6993,E0
6994,E0
6995,E0
6996,E0
6997,E0
6998,E0
6999,E0
7000,E0
7001,E0
7002,E0
7003,E0
7004,E0
7005,E0
7006,E0
7007,E0
7008,E0
7009,E0
7010,E0
7011,E0
7012,E0
7013,E0
7014,E0
7015,E0
7016,E0
7017,E0
7018,E0
7019,E0
7020,E0
7021,E0
7022,E0
7023,E0
7024,E0
7025,E0
7026,E0
7027,E0
7028,E0
7029,E0
7030,E0
7031,E0
7032,E0
7033,E0
7034,E0
7035,E0
7036,E0
7037,E0
7038,E0
7039,E0
7040,E0
7041,E0
7042,E0
7043,E0
7044,E0
7045,E0
7046,E0
7047,E0
7048,E0
7049,E0
7050,E0
7051,E0
7052,E0
7053,E0
7054,E0
7055,E0
7056,E0
7057,E0
7058,E0
7059,E0
7060,E0
7061,E0
7062,E0
7063,E0
7064,E0
7065,E0
7066,E0
7067,E0
7068,E0
7069,E0
7070,E0
7071,E0
7072,E0
7073,E0
7074,E0
7075,E0
7076,E0
7077,E0
7078,E0
7079,E0
7080,E0
7081,E0
7082,E0
7083,E0
7084,E0
7085,E0
7086,E0
7087,E0
7088,E0
7089,E0
7090,E0
7091,E0
7092,E0
7093,E0
7094,E0
7095,E0
7096,E0
7097,E0
7098,E0
7099,E0
7100,E0
7101,E0
7102,E0
7103,E0
7104,E0
7105,E0
7106,E0
7107,E0
7108,E0
7109,E0
7110,E0
7111,E0
7112,E0
7113,E0
7114,E0
7115,E0
7116,E0
7117,E0
7118,E0
7119,K0
7120,K0
7121,K0
7122,J0
7123,D0
7124,E0
7125,A0
7126,K0
7127,D0
7128,K0
7129,J0
7130,F0
7131,A0
7132,K0
7133,J0
7134,K0
7135,D0
7136,D0
7137,K0
7138,E0
7139,D0
7140,J0
7141,J0
703,B0
7142,J0
7143,A0
7144,A0
7145,B0
7146,K0
7147,K0
7148,J0
7149,B0
7150,D0
7151,F0
7152,J0
7153,D0
7154,A0
7155,K0
7156,J0
7157,D0
7158,E0
7159,G0
7160,B0
7161,B0
7162,K0
7163,A0
7164,J0
7165,K0
7166,F0
7167,D0
7168,K0
7169,F0
7170,A0
7171,D0
7172,J0
7173,J0
7174,A0
7175,K0
7176,A0
7177,K0
7178,K0
7179,A0
7180,J0
7181,K0
7182,B0
7183,K0
7184,K0
7185,B0
7186,K0
7187,D0
7188,J0
7189,A0
7190,J0
7191,K0
7192,F0
7193,F0
7194,J0
7195,K0
7196,D0
7197,B0
7198,B0
7199,J0
7200,J0
7201,K0
7202,K0
7203,K0
7204,A0
7205,K0
7206,E0
7207,K0
7208,J0
7209,K0
7210,K0
7211,J0
7212,K0
7213,K0
7214,K0
7215,F0
7216,K0
7217,K0
7218,J0
7219,K0
7220,J0
7221,K0
7222,E0
7223,D0
7224,J0
7225,J0
7226,D0
7227,D0
7228,A0
7229,A0
7230,K0
7231,K0
7232,J0
7233,K0
7234,K0
7235,J0
7236,D0
7237,A0
7238,D0
7239,A0
7240,J0
7241,J0
7242,A0
7243,F0
7244,K0
7245,K0
7246,J0
7247,J0
7248,J0
7249,F0
7250,K0
7251,B0
7252,J0
7253,G0
7254,K0
7255,J0
7256,K0
7257,J0
7258,J0
7259,K0
7260,K0
7261,K0
7262,A0
7263,J0
7264,J0
7265,D0
7266,A0
7267,K0
7268,J0
7269,A0
7270,_
7271,K0
7272,D0
7273,J0
7274,K0
7275,B0
7276,A0
7277,K0
7278,K0
7279,J0
7280,K0
7281,J0
7282,A0
7283,J0
7284,J0
7285,J0
7286,K0
7287,J0
7288,J0
7289,D0
7290,J0
7291,F0
7292,E0
7293,I0
7294,I0
7295,I0
7296,I0
7297,I0
7298,I0
7299,I0
7300,I0
7301,I0
7302,I0
7303,I0
7304,I0
7305,I0
7306,I0
7307,I0
7308,I0
7309,I0
7310,I0
7311,I0
7312,I0
7313,I0
7314,I0
7315,I0
7316,I0
7317,I0
7318,I0
7319,I0
7320,I0
7321,I0
7322,I0
7323,I0
7324,I0
7325,I0
7326,I0
7327,I0
7328,I0
7329,I0
7330,I0
7331,I0
7332,I0
7333,I0
7334,I0
7335,I0
7336,I0
7337,I0
7338,I0
7339,I0
7340,I0
7341,I0
7342,I0
7343,I0
7344,I0
7345,I0
7346,I0
7347,I0
7348,I0
7349,I0
7350,I0
7351,I0
7352,I0
7353,I0
7354,I0
7355,I0
7356,I0
7357,I0
7358,I0
7359,I0
7360,I0
7361,I0
7362,I0
7363,I0
7364,I0
7365,I0
7366,I0
7367,I0
7368,I0
7369,I0
7370,I0
7371,I0
7372,I0
7373,I0
7374,I0
7375,I0
7376,J0
7377,J0
7378,J0
7379,J0
7380,J0
7381,J0
7382,J0
7383,J0
7384,J0
7385,J0
7386,J0
7387,J0
703,J0
7388,J0
7389,J0
7390,J0
7391,J0
7392,J0
7393,J0
7394,J0
7395,J0
7396,J0
7397,J0
7398,J0
7399,J0
7400,J0
7401,J0
7402,J0
7403,J0
7404,J0
7405,J0
7406,J0
7407,J0
7408,J0
7409,J0
7410,J0
7411,J0
7412,J0
7413,J0
7414,J0
7415,J0
7416,J0
7417,J0
7418,J0
7419,J0
7420,J0
7421,J0
7422,J0
7423,J0
7424,J0
7425,J0
7426,J0
7427,J0
7428,J0
7429,J0
7430,J0
7431,J0
7432,J0
7433,J0
7434,J0
7435,J0
7436,J0
7437,J0
7438,J0
7439,J0
7440,J0
7441,J0
7442,J0
7443,J0
7444,J0
7445,J0
7446,J0
7447,J0
7448,D0
7449,A0
7450,K0
7451,K0
7452,A0
7453,K0
7454,A0
7455,A0
7456,A0
7457,A0
7458,A0
7459,A0
7460,A0
7461,A0
7462,K0
7463,A0
7464,K0
7465,A0
7466,K0
7467,K0
7468,D0
7469,D0
7470,F0
7471,J0
7472,A0
7473,K0
7474,J0
7475,F0
7476,E0
7477,D0
7478,K0
7479,A0
7480,B0
7481,D0
7482,D0
7483,D0
7484,E0
7485,K0
7486,K0
7487,K0
7488,D0
7489,D0
7490,K0
7491,A0
7492,B0
7493,D0
7494,F0
7495,K0
7496,A0
7497,A0
7498,E0
7499,K0
7500,J0
7501,D0
7502,K0
7503,K0
7504,F0
7505,J0
7506,B0
7507,A0
7508,D0
7509,D0
7510,A0
7511,D0
7512,A0
7513,D0
7514,D0
7515,F0
7516,J0
7517,D0
7518,F0
7519,K0
7520,B0
7521,A0
7522,J0
7523,D0
7524,D0
7525,D0
7526,F0
7527,J0
7528,D0
7529,B0
7530,J0
7531,K0
7532,J0
7533,A0
7534,J0
7535,K0
7536,F0
7537,J0
7538,D0
7539,D0
7540,J0
7541,B0
7542,J0
7543,A0
7544,A0
7545,A0
7546,D0
7547,D0
7548,F0
7549,K0
7550,E0
7551,D0
7552,D0
7553,D0
7554,J0
7555,J0
7556,K0
7557,A0
7558,D0
7559,D0
7560,A0
7561,F0
7562,D0
7563,B0
7564,F0
7565,D0
7566,D0
7567,B0
7568,D0
7569,K0
7570,J0
7571,B0
7572,D0
7573,J0
7574,D0
7575,A0
7576,B0
7577,B0
7578,E0
7579,J0
7580,D0
7581,D0
7582,A0
7583,D0
7584,K0
7585,A0
7586,K0
7587,D0
7588,A0
7589,A0
7590,A0
7591,G0
7592,J0
7593,D0
7594,J0
7595,K0
7596,D0
7597,J0
7598,J0
7599,K0
7600,D0
7601,K0
7602,D0
7603,A0
7604,F0
7605,A0
7606,D0
7607,D0
7608,A0
7609,D0
7610,D0
7611,K0
7612,J0
7613,A0
7614,J0
7615,J0
7616,K0
7617,F0
7618,J0
7619,F0
7620,A0
7621,K0
7622,D0
7623,A0
7624,D0
7625,A0
7626,J0
7627,J0
7628,D0
7629,J0
7630,K0
7631,K0
7632,D0
7633,J0
7634,F0
7635,K0
7636,J0
7637,G0
7638,D0
7639,J0
7640,D0
7641,J0
7642,J0
7643,F0
7644,E0
7645,D0
7646,J0
7647,F0
7648,K0
7649,B0
7650,D0
7651,D0
7652,K0
7653,A0
7654,D0
7655,D0
7656,F0
7657,D0
7658,J0
7659,D0
7660,A0
7661,B0
7662,J0
7663,D0
7664,K0
7665,A0
7666,D0
7667,K0
7668,K0
7669,D0
7670,B0
7671,J0
7672,J0
7673,E0
7674,J0
7675,D0
7676,A0
7677,D0
7678,K0
7679,J0
7680,J0
7681,K0
7682,J0
7683,K0
7684,K0
7685,J0
7686,K0
7687,A0
7688,K0
7689,D0
7690,F0
7691,K0
7692,D0
7693,E0
7694,D0
7695,A0
7696,K0
7697,B0
7698,K0
7699,K0
7700,J0
7701,J0
7702,A0
7703,D0
7704,J0
7705,D0
7706,J0
7707,D0
7708,D0
7709,K0
7710,K0
7711,D0
7712,D0
7713,K0
7714,D0
7715,F0
7716,B0
7717,E0
7718,D0
7719,J0
7720,D0
7721,D0
7722,B0
7723,E0
7724,K0
7725,D0
7726,K0
7727,J0
7728,K0
7729,K0
7730,J0
7731,D0
7732,K0
7733,D0
7734,K0
7735,D0
7736,B0
7737,K0
7738,F0
7739,D0
7740,D0
7741,A0
7742,D0
7743,J0
7744,D0
7745,J0
7746,I0
7747,I0
7748,I0
7749,I0
7750,I0
7751,I0
7752,I0
7753,I0
7754,I0
7755,I0
7756,I0
7757,I0
7758,I0
7759,I0
7760,I0
7761,I0
7762,I0
7763,I0
7764,I0
7765,I0
7766,I0
7767,I0
7768,I0
7769,I0
7770,I0
7771,I0
7772,I0
7773,I0
7774,I0
7775,I0
7776,I0
7777,I0
7778,I0
7779,I0
7780,I0
7781,I0
7782,I0
7783,I0
7784,I0
7785,I0
7786,I0
7787,I0
7788,I0
7789,I0
7790,I0
7791,I0
7792,I0
7793,I0
7794,I0
7795,I0
7796,I0
7797,I0
7798,I0
7799,I0
7800,I0
7801,I0
7802,I0
7803,I0
7804,I0
7805,I0
7806,I0
7807,I0
7808,I0
7809,I0
7810,I0
7811,I0
7812,I0
7813,I0
7814,I0
7815,I0
7816,I0
7817,I0
7818,I0
7819,I0
7820,I0
7821,I0
7822,I0
7823,D0
7824,D0
7825,D0
7826,D0
7827,D0
7828,D0
7829,D0
7830,D0
7831,D0
7832,D0
7833,D0
7834,D0
7835,D0
7836,D0
7837,D0
7838,D0
7839,D0
7840,D0
7841,D0
7842,D0
7843,D0
7844,D0
7845,D0
7846,D0
7847,D0
7848,D0
7849,D0
7850,D0
7851,D0
7852,D0
7853,D0
7854,D0
7855,D0
7856,D0
7857,D0
7858,D0
7859,D0
7860,D0
7861,D0
7862,D0
7863,D0
7864,D0
7865,D0
7866,D0
7867,D0
7868,D0
7869,D0
7870,D0
7871,D0
7872,D0
7873,D0
7874,D0
7875,D0
7876,D0
7877,D0
7878,D0
7879,D0
7880,D0
7881,D0
7882,D0
7883,D0
7884,D0
7885,D0
7886,D0
7887,D0
7888,D0
7889,D0
7890,D0
7891,D0
7892,D0
7893,D0
7894,D0
7895,D0
7896,D0
7897,D0
7898,D0
7899,D0
7900,D0
7901,D0
7902,D0
7903,D0
7904,D0
7905,D0
7906,D0
7907,D0
7908,D0
7909,D0
7910,D0
7911,D0
7912,D0
7913,D0
7914,D0
7915,D0
7916,D0
7917,D0
7918,D0
7919,D0
7920,D0
7921,D0
7922,D0
7923,D0
7924,D0
7925,A0
7926,E0
7927,E0
7928,A0
7929,J0
7930,A0
7931,I0
7932,E0
7933,I0
7934,I0
7935,E0
7936,I0
7937,A0
7938,A0
7939,J0
7940,E0
7941,A0
7942,I0
7943,A0
7944,E0
7945,E0
7946,B0
7947,B0
7948,B0
7949,I0
7950,A0
7951,J0
7952,A0
7953,E0
7954,A0
7955,E0
7956,A0
7957,E0
7958,B0
7959,A0
7960,A0
7961,E0
7962,A0
7963,E0
7964,K0
7965,J0
7966,E0
7967,A0
7968,A0
7969,A0
7970,E0
7971,B0
7972,B0
7973,I0
7974,I0
7975,A0
7976,K0
7977,K0
7978,A0
7979,I0
7980,I0
7981,A0
7982,E0
7983,I0
7984,I0
7985,B0
7986,E0
7987,E0
7988,A0
7989,E0
7990,A0
7991,I0
7992,J0
7993,A0
7994,I0
7995,I0
7996,B0
7997,A0
7998,I0
7999,E0
8000,J0
8001,J0
8002,A0
8003,J0
8004,B0
8005,A0
8006,A0
8007,E0
8008,A0
8009,B0
8010,I0
8011,E0
8012,I0
8013,I0
8014,B0
8015,J0
8016,B0
8017,A0
8018,A0
8019,E0
8020,A0
8021,K0
8022,B0
8023,A0
8024,A0
8025,J0
8026,B0
8027,A0
8028,A0
8029,E0
8030,J0
8031,I0
8032,I0
8033,B0
8034,A0
8035,I0
8036,A0
8037,B0
8038,B0
8039,I0
8040,A0
8041,I0
8042,E0
8043,K0
8044,I0
8045,J0
8046,I0
8047,E0
8048,J0
8049,E0
8050,A0
8051,B0
8052,J0
8053,E0
8054,B0
8055,I0
8056,E0
8057,I0
8058,E0
8059,B0
8060,J0
8061,A0
8062,A0
8063,A0
8064,B0
8065,I0
8066,A0
8067,B0
8068,A0
8069,I0
8070,I0
8071,J0
8072,I0
8073,J0
8074,E0
8075,E0
8076,J0
8077,B0
8078,J0
8079,K0
8080,J0
8081,B0
8082,B0
8083,E0
8084,E0
8085,B0
8086,A0
8087,B0
8088,E0
8089,A0
8090,E0
8091,E0
8092,I0
8093,I0
8094,E0
8095,F0
8096,I0
8097,J0
8098,A0
8099,E0
8100,A0
8101,E0
8102,A0
8103,A0
8104,F0
8105,I0
8106,K0
8107,E0
8108,I0
8109,E0
8110,E0
8111,A0
8112,B0
8113,E0
8114,B0
8115,E0
8116,E0
8117,E0
8118,E0
8119,A0
8120,E0
8121,A0
8122,E0
8123,E0
8124,D0
8125,D0
8126,D0
8127,D0
8128,D0
8129,D0
8130,D0
8131,D0
8132,D0
8133,D0
8134,D0
8135,D0
8136,D0
8137,D0
8138,D0
8139,D0
8140,D0
8141,D0
8142,D0
8143,D0
8144,D0
8145,D0
8146,D0
8147,D0
8148,D0
8149,D0
8150,D0
8151,D0
8152,D0
8153,D0
8154,D0
8155,D0
8156,D0
8157,D0
8158,D0
8159,D0
8160,D0
8161,D0
8162,D0
8163,D0
8164,D0
8165,D0
8166,D0
8167,D0
8168,D0
8169,D0
8170,D0
8171,D0
8172,D0
8173,D0
8174,D0
8175,D0
8176,D0
8177,D0
8178,D0
8179,D0
8180,D0
8181,D0
8182,D0
8183,D0
8184,D0
8185,D0
8186,D0
8187,D0
8188,D0
8189,D0
8190,D0
8191,D0
8192,D0
8193,D0
8194,D0
8195,D0
8196,D0
8197,D0
8198,D0
8199,D0
8200,D0
8201,D0
8202,D0
8203,D0
8204,D0
8205,D0
8206,D0
8207,D0
8208,D0
8209,D0
8210,D0
8211,D0
8212,D0
8213,D0
8214,D0
8215,D0
8216,D0
8217,D0
8218,D0
8219,D0
8220,D0
8221,D0
8222,D0
8223,D0
8224,D0
8225,D0
8226,D0
8227,D0
8228,D0
8229,D0
8230,D0
8231,D0
8232,D0
8233,D0
8234,D0
8235,D0
8236,D0
8237,D0
8238,D0
8239,D0
8240,D0
8241,D0
8242,D0
8243,D0
8244,D0
8245,D0
8246,D0
8247,D0
8248,D0
8249,D0
8250,D0
8251,D0
8252,D0
8253,D0
8254,D0
8255,D0
8256,D0
8257,D0
8258,D0
8259,D0
8260,D0
8261,D0
8262,D0
8263,D0
8264,D0
8265,D0
8266,D0
8267,D0
8268,D0
8269,D0
8270,D0
8271,D0
8272,D0
8273,D0
8274,D0
8275,D0
8276,D0
8277,D0
8278,D0
8279,D0
8280,D0
8281,E0
8282,B0
8283,J0
8284,F0
8285,J0
8286,E0
8287,J0
8288,B0
8289,E0
8290,J0
8291,E0
8292,E0
8293,K0
8294,F0
8295,K0
8296,F0
8297,K0
8298,J0
8299,E0
8300,K0
8301,B0
8302,B0
8303,J0
8304,J0
8305,E0
8306,B0
8307,J0
8308,E0
8309,F0
8310,B0
8311,B0
8312,E0
8313,J0
8314,J0
8315,B0
8316,J0
8317,E0
8318,J0
8319,F0
8320,F0
8321,B0
8322,F0
8323,F0
8324,J0
8325,B0
8326,K0
8327,F0
8328,E0
8329,J0
8330,E0
8331,J0
8332,J0
8333,B0
8334,J0
8335,B0
8336,E0
8337,J0
7954,B0
8338,J0
8339,K0
8340,J0
8341,E0
8342,E0
8343,E0
8344,I0
8345,F0
8346,F0
8347,D0
8348,G0
8349,D0
8350,D0
8351,D0
8352,G0
8353,D0
8354,G0
8355,K0
8356,D0
8357,K0
8358,B0
8359,D0
8360,I0
8361,B0
8362,F0
8363,D0
8364,J0
8365,D0
8366,I0
8367,D0
8368,K0
8369,I0
8370,D0
8371,D0
8372,K0
8373,D0
8374,D0
8375,K0
8376,D0
8377,I0
8378,D0
8379,F0
8380,D0
8381,I0
8382,K0
8383,F0
8384,E0
8385,B0
8386,B0
8387,D0
8388,K0
8389,D0
8390,I0
8391,D0
8392,D0
8393,D0
8394,D0
8395,K0
8396,D0
8397,B0
8398,D0
8399,D0
8400,D0
8401,K0
8402,D0
8403,D0
8404,A0
8405,A0
8406,A0
8407,A0
8408,A0
8409,A0
8410,A0
8411,A0
8412,A0
8413,A0
8414,A0
8415,A0
8416,A0
8417,A0
8418,A0
8419,A0
476,A0
8420,A0
8421,A0
8422,A0
8423,A0
8424,A0
8425,A0
8426,A0
8427,A0
8428,A0
8429,A0
8430,A0
8431,A0
8432,A0
8433,A0
8434,A0
8435,A0
8436,A0
8437,A0
8438,A0
8439,A0
8440,A0
8441,A0
8442,A0
8443,A0
8444,A0
8445,A0
8446,A0
4,A0
8447,A0
8448,A0
8449,A0
8450,A0
8451,A0
8452,A0
8453,A0
8454,K0
8455,K0
8456,K0
8457,K0
8458,K0
8459,K0
8460,K0
8461,K0
8462,K0
8463,K0
8464,K0
8465,K0
8466,K0
8467,K0
8468,K0
8469,K0
8470,K0
8471,K0
8472,K0
8473,K0
8474,K0
8475,K0
8476,K0
8477,K0
8478,K0
8479,K0
8480,K0
8481,K0
8482,K0
8483,K0
8484,K0
8485,K0
8486,K0
8487,K0
8488,K0
8489,K0
8490,K0
8491,K0
8492,K0
2960,K0
3221,K0
8493,K0
8494,K0
7390,K0
8495,K0
8496,K0
8497,K0
8498,K0
8499,K0
8500,K0
8501,K0
8502,K0
8503,K0
8504,K0
3967,K0
8505,K0
8506,K0
8507,K0
8508,K0
8509,K0
8510,K0
8511,K0
8512,K0
8513,K0
8514,K0
8515,K0
8516,K0
8517,K0
8518,K0
8519,K0
8520,K0
8521,K0
8522,K0
8523,K0
8524,K0
8525,K0
8526,K0
8527,K0
8528,K0
8529,K0
8530,K0
8531,K0
8532,K0
8533,K0
8534,K0
8535,K0
8536,K0
8537,K0
8538,K0
8539,K0
8540,K0
8541,K0
8542,K0
8543,K0
8544,K0
8545,K0
8546,K0
8547,K0
8548,K0
8549,K0
8550,K0
8551,K0
8552,K0
8553,K0
8554,K0
8555,K0
8556,K0
8557,K0
8558,K0
8559,K0
8560,K0
8561,K0
8562,K0
8563,K0
8564,K0
3042,K0
8565,K0
3481,K0
8566,K0
8567,K0
8568,K0
8569,K0
3790,K0
8570,K0
3809,K0
8571,K0
8572,K0
8573,K0
8574,K0
8575,K0
8576,K0
8577,K0
8578,K0
8579,K0
8580,I0
8581,I0
8582,I0
8583,I0
8584,I0
8585,I0
8586,I0
8587,I0
8588,I0
8589,I0
8590,I0
8591,I0
8592,I0
8593,I0
8594,I0
8595,I0
8596,I0
8597,I0
8598,I0
8599,I0
8600,I0
8601,I0
8602,I0
8603,I0
8604,I0
8605,I0
8606,I0
8607,I0
8608,I0
8609,I0
8610,I0
8611,I0
8612,I0
8613,I0
8614,I0
8615,I0
8616,I0
8617,I0
8618,I0
8619,I0
8620,I0
8621,I0
8622,I0
8623,I0
8624,I0
8625,I0
8626,I0
8627,I0
8628,I0
8629,I0
8630,I0
8631,I0
8632,I0
8633,I0
8634,I0
8635,I0
8636,I0
8637,I0
8638,I0
8639,I0
8640,I0
8641,I0
8642,I0
8643,I0
8644,I0
8645,I0
8646,I0
8647,I0
8648,I0
8649,I0
8650,I0
8651,I0
8652,I0
8653,I0
8654,I0
8655,I0
8656,I0
8657,I0
8658,I0
8659,I0
8660,I0
8661,I0
8662,I0
8663,I0
8664,I0
8665,I0
8666,I0
8667,I0
8668,I0
8669,I0
8670,I0
8671,I0
8672,I0
8673,I0
8674,I0
8675,I0
8676,I0
8677,I0
8678,I0
8679,I0
8680,I0
8681,I0
8682,I0
8683,I0
8684,I0
8685,I0
8686,I0
8687,I0
8688,I0
8689,I0
8690,I0
8691,I0
8692,I0
8693,I0
8694,I0
8695,I0
8696,I0
8697,I0
8698,I0
8699,I0
8700,I0
8701,I0
8702,I0
8703,I0
8704,I0
8705,I0
8706,I0
8707,I0
8708,I0
8709,I0
8710,I0
8711,I0
8712,I0
8713,I0
8714,I0
8715,I0
8716,I0
8717,I0
8718,I0
8719,I0
8720,I0
8721,I0
8722,I0
8723,I0
8724,I0
8725,I0
8726,I0
8727,I0
8728,I0
8729,I0
8730,I0
8731,I0
8732,I0
8733,I0
8734,I0
8735,I0
8736,I0
8737,I0
8738,I0
8739,I0
8740,I0
8741,I0
8742,I0
8743,I0
8744,I0
8745,I0
8746,I0
8747,I0
8748,I0
8749,I0
8750,I0
8751,I0
8752,I0
8753,I0
8754,A0
8755,A0
8756,A0
8757,A0
8758,A0
8759,A0
8760,A0
8761,A0
8762,A0
8763,A0
8764,A0
8765,A0
8766,A0
8767,A0
8768,A0
8769,A0
8770,A0
8771,A0
8772,A0
8773,A0
8774,A0
8775,A0
8776,A0
8777,A0
8778,A0
8779,A0
8780,A0
8781,A0
8782,A0
8783,A0
8784,A0
8785,A0
8786,A0
8787,A0
8788,A0
8789,A0
8790,A0
8791,A0
8792,A0
8793,A0
8794,A0
8795,A0
8796,A0
8797,A0
8798,A0
8799,A0
8800,A0
8801,A0
8802,A0
8803,A0
8804,A0
8805,A0
8806,A0
8807,A0
8808,A0
8809,A0
8810,A0
8811,A0
8812,A0
8813,A0
8814,A0
8815,A0
8816,A0
8817,A0
8818,A0
8819,A0
8820,A0
8821,A0
8822,A0
8823,A0
8824,A0
8825,A0
8826,A0
8827,A0
8828,A0
8829,A0
8830,A0
8831,A0
8832,A0
8833,A0
8834,A0
8835,A0
8836,A0
8837,A0
8838,A0
8839,A0
8840,K0
8841,K0
8842,K0
8843,K0
8844,K0
8845,K0
8846,K0
8847,K0
8848,K0
8849,K0
8850,K0
8851,K0
8852,K0
8853,K0
8854,K0
8855,K0
8856,K0
8857,K0
8858,K0
8859,K0
8860,K0
8861,K0
8862,K0
8863,K0
8864,K0
8865,K0
7864,K0
8866,K0
8867,K0
8868,K0
8869,K0
8870,K0
8871,K0
8872,K0
8873,K0
8874,K0
8875,K0
8876,K0
8877,K0
8878,K0
8879,K0
8880,K0
8881,K0
8882,K0
8883,K0
8884,K0
8885,K0
8886,K0
8887,K0
8888,K0
7873,K0
8889,K0
8890,K0
8891,K0
8892,K0
8893,K0
8894,K0
8895,K0
8896,K0
8897,K0
8898,K0
8899,K0
8900,K0
8901,K0
8902,K0
8903,K0
8904,K0
8905,K0
8906,K0
8907,K0
8908,K0
8909,K0
8910,E0
8911,A0
8912,E0
8913,E0
8914,A0
8915,E0
8916,A0
8917,K0
8918,E0
8919,A0
8920,A0
8921,E0
8922,A0
8923,E0
8924,E0
8925,E0
8926,E0
8927,E0
8928,E0
8929,K0
8930,E0
8931,K0
8932,B0
8933,E0
8934,E0
8935,B0
8936,B0
8937,I0
8938,B0
8939,I0
8940,K0
8941,E0
8942,K0
8943,F0
8944,F0
8945,F0
8946,B0
8947,K0
8948,K0
8949,K0
8950,E0
8951,K0
8952,K0
8953,K0
8954,B0
8955,E0
8956,K0
8957,B0
8958,E0
8959,F0
8960,F0
8961,G0
8962,F0
8963,G0
8964,K0
8965,F0
8966,F0
8967,K0
8968,E0
8969,F0
8970,E0
8971,K0
8972,E0
8973,K0
8974,K0
8975,B0
8976,B0
8977,K0
8978,A0
8979,B0
8980,E0
8981,K0
8982,B0
8983,K0
8984,B0
8985,F0
8986,K0
8987,K0
8988,K0
8989,K0
8990,I0
8991,B0
8992,B0
8993,K0
8994,E0
8995,F0
8996,G0
8997,F0
8998,E0
8999,K0
9000,K0
9001,G0
9002,K0
9003,E0
9004,E0
9005,B0
9006,F0
9007,E0
9008,K0
9009,K0
9010,K0
9011,K0
9012,K0
9013,K0
9014,K0
9015,I0
9016,B0
9017,E0
9018,K0
9019,K0
9020,K0
9021,K0
9022,E0
9023,K0
9024,B0
9025,E0
9026,E0
9027,B0
9028,F0
9029,K0
9030,B0
9031,E0
9032,J0
9033,J0
9034,J0
9035,J0
9036,J0
9037,J0
9038,J0
9039,J0
9040,J0
9041,J0
9042,J0
9043,J0
9044,J0
9045,J0
9046,J0
9047,J0
9048,J0
6986,J0
9049,J0
9050,J0
9051,J0
9052,J0
9053,J0
9054,J0
9055,J0
9056,J0
9057,J0
9058,J0
9059,J0
9060,J0
9061,J0
9062,J0
9063,J0
9064,J0
9065,J0
9066,J0
9067,J0
9068,J0
9069,J0
9070,J0
9071,J0
9072,J0
9073,J0
9074,J0
9075,J0
9076,J0
9077,J0
9078,J0
9079,J0
9080,J0
9081,J0
9082,J0
9083,J0
9084,J0
9085,J0
9086,J0
9087,J0
9088,J0
9089,J0
6971,J0
9090,J0
9091,J0
9092,J0
9093,D0
9094,D0
9095,D0
9096,D0
9097,D0
9098,D0
9099,D0
9100,D0
9101,D0
9102,D0
9103,D0
9104,D0
9105,D0
9106,D0
9107,D0
9108,D0
9109,D0
9110,D0
9111,D0
9112,D0
9113,D0
9114,D0
9115,D0
9116,D0
9117,D0
9118,D0
9119,D0
7997,D0
9120,D0
9121,D0
9122,D0
9123,D0
9124,D0
9125,D0
9126,D0
9127,D0
9128,D0
9129,D0
9130,D0
9131,D0
9132,D0
9133,D0
9134,D0
9135,D0
9136,D0
9137,D0
9138,D0
9139,D0
9140,D0
9141,D0
9142,D0
9143,D0
9144,D0
9145,D0
9146,D0
9147,D0
9148,D0
9149,D0
9150,D0
9151,D0
9152,D0
9153,D0
9154,D0
9155,D0
9156,D0
9157,D0
9158,D0
9159,D0
9160,D0
9161,D0
9162,D0
9163,D0
9164,D0
9165,D0
9166,D0
9167,D0
9168,D0
9169,D0
9170,D0
9171,D0
9172,D0
9173,D0
9174,D0
9175,D0
9176,D0
9177,D0
9178,D0
9179,D0
8005,D0
9180,D0
9181,D0
9182,D0
9183,J0
9184,J0
9185,J0
9186,J0
9187,J0
9188,J0
9189,J0
9190,J0
9191,J0
9192,J0
9193,I0
9194,I0
9195,I0
9196,I0
9197,I0
9198,I0
9199,I0
9200,I0
9201,I0
9202,I0
9203,I0
9204,I0
9205,I0
9206,I0
9207,I0
9208,I0
9209,I0
9210,I0
9211,I0
9212,I0
9213,I0
9214,I0
9215,I0
9216,I0
9217,I0
9218,I0
9219,I0
9220,I0
9221,I0
9222,I0
9223,I0
9224,I0
9225,I0
9226,I0
9227,I0
9228,I0
9229,I0
9230,I0
9231,I0
9232,I0
9233,I0
9234,I0
9235,I0
9236,I0
9237,I0
9238,I0
9239,I0
9240,I0
9241,I0
9242,I0
9243,I0
9244,I0
9245,I0
9246,I0
9247,I0
9248,I0
9249,I0
9250,I0
9251,I0
9252,I0
9253,I0
9254,I0
9255,I0
9256,I0
9257,I0
9258,I0
9259,I0
9260,I0
9261,I0
9262,I0
9263,I0
9264,I0
9265,I0
9266,I0
9267,I0
9268,I0
9269,I0
9270,I0
9271,I0
9272,I0
9273,I0
9274,I0
9275,I0
9276,I0
9277,I0
9278,I0
9279,I0
9280,I0
9281,I0
9282,I0
9283,I0
9284,I0
9285,I0
9286,I0
9287,I0
9288,I0
9289,I0
9290,I0
9291,I0
9292,I0
9293,I0
9294,I0
9295,I0
9296,I0
9297,I0
9298,I0
9299,I0
9300,I0
9301,I0
9302,I0
9303,I0
9304,I0
9305,I0
9306,I0
9307,I0
9308,I0
9309,I0
9310,I0
9311,I0
9312,I0
9313,I0
9314,I0
9315,I0
9316,I0
9317,I0
9318,I0
9319,I0
9320,I0
9321,I0
9322,I0
9323,I0
9324,I0
9325,I0
9326,I0
9327,I0
9328,I0
9329,I0
9330,I0
